fecha,departamento,enCurso,cantCasosNuevos,cantFallecidos,acumFallecidos,cantRecuperados,acumRecuperados,acumCasos
29/04/2020,Artigas (UY-AR ),0,0,0,0,0,0,0
29/04/2020,Canelones (UY-CA ),17,0,0,2,0,66,85
29/04/2020,Cerro Largo (UY-CL ),0,0,0,0,0,0,0
29/04/2020,Colonia (UY-CO ),2,0,0,0,0,6,8
29/04/2020,Durazno (UY-DU ),0,0,0,0,1,1,1
29/04/2020,Flores (UY-FS ),0,0,0,0,0,1,1
29/04/2020,Florida (UY-FD ),0,0,0,0,0,0,0
29/04/2020,Lavalleja (UY-LA ),0,0,0,0,0,4,4
29/04/2020,Maldonado (UY-MA ),8,1,0,3,1,14,25
29/04/2020,Montevideo (UY-MO ),167,4,0,10,16,298,475
29/04/2020,Paysandú (UY-PA ),0,0,0,0,0,1,1
29/04/2020,Río Negro (UY-RN ),1,0,0,0,0,8,9
29/04/2020,Rivera (UY-RV ),0,0,0,0,0,1,1
29/04/2020,Rocha (UY-RO ),0,0,0,0,0,1,1
29/04/2020,Salto (UY-SA ),2,0,0,0,0,10,12
29/04/2020,San José (UY-SJ ),2,0,0,0,0,1,3
29/04/2020,Soriano (UY-SO ),0,0,0,0,0,1,1
29/04/2020,Tacuarembó (UY-TA ),0,0,0,0,0,0,0
29/04/2020,Treinta y Tres (UY-TT ),4,0,0,0,0,0,4
30/04/2020,Artigas (UY-AR ),0,0,0,0,0,0,0
30/04/2020,Canelones (UY-CA ),14,0,0,2,3,69,85
30/04/2020,Cerro Largo (UY-CL ),0,0,0,0,0,0,0
30/04/2020,Colonia (UY-CO ),2,0,0,0,0,6,8
30/04/2020,Durazno (UY-DU ),0,0,0,0,0,1,1
30/04/2020,Flores (UY-FS ),0,0,0,0,0,1,1
30/04/2020,Florida (UY-FD ),0,0,0,0,0,0,0
30/04/2020,Lavalleja (UY-LA ),0,0,0,0,0,4,4
30/04/2020,Maldonado (UY-MA ),7,0,1,4,0,14,25
30/04/2020,Montevideo (UY-MO ),177,13,1,11,2,300,488
30/04/2020,Paysandú (UY-PA ),0,0,0,0,0,1,1
30/04/2020,Río Negro (UY-RN ),1,0,0,0,0,8,9
30/04/2020,Rivera (UY-RV ),0,0,0,0,0,1,1
30/04/2020,Rocha (UY-RO ),0,0,0,0,0,1,1
30/04/2020,Salto (UY-SA ),2,0,0,0,0,10,12
30/04/2020,San José (UY-SJ ),2,0,0,0,0,1,3
30/04/2020,Soriano (UY-SO ),0,0,0,0,0,1,1
30/04/2020,Tacuarembó (UY-TA ),0,0,0,0,0,0,0
30/04/2020,Treinta y Tres (UY-TT ),4,0,0,0,0,0,4
01/05/2020,Artigas (UY-AR ),0,0,0,0,0,0,0
01/05/2020,Canelones (UY-CA ),13,2,0,2,3,72,87
01/05/2020,Cerro Largo (UY-CL ),0,0,0,0,0,0,0
01/05/2020,Colonia (UY-CO ),2,0,0,0,0,6,8
01/05/2020,Durazno (UY-DU ),0,0,0,0,0,1,1
01/05/2020,Flores (UY-FS ),0,0,0,0,0,1,1
01/05/2020,Florida (UY-FD ),0,0,0,0,0,0,0
01/05/2020,Lavalleja (UY-LA ),0,0,0,0,0,4,4
01/05/2020,Maldonado (UY-MA ),7,0,0,4,0,14,25
01/05/2020,Montevideo (UY-MO ),167,3,0,11,13,313,491
01/05/2020,Paysandú (UY-PA ),0,0,0,0,0,1,1
01/05/2020,Río Negro (UY-RN ),1,0,0,0,0,8,9
01/05/2020,Rivera (UY-RV ),0,0,0,0,0,1,1
01/05/2020,Rocha (UY-RO ),0,0,0,0,0,1,1
01/05/2020,Salto (UY-SA ),0,0,0,0,2,12,12
01/05/2020,San José (UY-SJ ),2,0,0,0,0,1,3
01/05/2020,Soriano (UY-SO ),0,0,0,0,0,1,1
01/05/2020,Tacuarembó (UY-TA ),0,0,0,0,0,0,0
01/05/2020,Treinta y Tres (UY-TT ),4,0,0,0,0,0,4
02/05/2020,Artigas (UY-AR ),0,0,0,0,0,0,0
02/05/2020,Canelones (UY-CA ),15,2,0,2,0,72,89
02/05/2020,Cerro Largo (UY-CL ),0,0,0,0,0,0,0
02/05/2020,Colonia (UY-CO ),2,0,0,0,0,6,8
02/05/2020,Durazno (UY-DU ),0,0,0,0,0,1,1
02/05/2020,Flores (UY-FS ),0,0,0,0,0,1,1
02/05/2020,Florida (UY-FD ),0,0,0,0,0,0,0
02/05/2020,Lavalleja (UY-LA ),0,0,0,0,0,4,4
02/05/2020,Maldonado (UY-MA ),7,0,0,4,0,14,25
02/05/2020,Montevideo (UY-MO ),164,2,0,11,5,318,493
02/05/2020,Paysandú (UY-PA ),0,0,0,0,0,1,1
02/05/2020,Río Negro (UY-RN ),1,0,0,0,0,8,9
02/05/2020,Rivera (UY-RV ),0,0,0,0,0,1,1
02/05/2020,Rocha (UY-RO ),0,0,0,0,0,1,1
02/05/2020,Salto (UY-SA ),0,0,0,0,0,12,12
02/05/2020,San José (UY-SJ ),2,0,0,0,0,1,3
02/05/2020,Soriano (UY-SO ),0,0,0,0,0,1,1
02/05/2020,Tacuarembó (UY-TA ),0,0,0,0,0,0,0
02/05/2020,Treinta y Tres (UY-TT ),4,0,0,0,0,0,4
03/05/2020,Artigas (UY-AR ),0,0,0,0,0,0,0
03/05/2020,Canelones (UY-CA ),15,0,0,2,0,72,89
03/05/2020,Cerro Largo (UY-CL ),0,0,0,0,0,0,0
03/05/2020,Colonia (UY-CO ),2,0,0,0,0,6,8
03/05/2020,Durazno (UY-DU ),0,0,0,0,0,1,1
03/05/2020,Flores (UY-FS ),0,0,0,0,0,1,1
03/05/2020,Florida (UY-FD ),0,0,0,0,0,0,0
03/05/2020,Lavalleja (UY-LA ),0,0,0,0,0,4,4
03/05/2020,Maldonado (UY-MA ),7,0,0,4,0,14,25
03/05/2020,Montevideo (UY-MO ),165,2,0,11,1,319,495
03/05/2020,Paysandú (UY-PA ),0,0,0,0,0,1,1
03/05/2020,Río Negro (UY-RN ),1,0,0,0,0,8,9
03/05/2020,Rivera (UY-RV ),0,0,0,0,0,1,1
03/05/2020,Rocha (UY-RO ),0,0,0,0,0,1,1
03/05/2020,Salto (UY-SA ),0,0,0,0,0,12,12
03/05/2020,San José (UY-SJ ),1,0,0,0,1,2,3
03/05/2020,Soriano (UY-SO ),0,0,0,0,0,1,1
03/05/2020,Tacuarembó (UY-TA ),0,0,0,0,0,0,0
03/05/2020,Treinta y Tres (UY-TT ),5,1,0,0,0,0,5
04/05/2020,Artigas (UY-AR ),0,0,0,0,0,0,0
04/05/2020,Canelones (UY-CA ),17,2,0,2,0,72,91
04/05/2020,Cerro Largo (UY-CL ),0,0,0,0,0,0,0
04/05/2020,Colonia (UY-CO ),2,0,0,0,0,6,8
04/05/2020,Durazno (UY-DU ),0,0,0,0,0,1,1
04/05/2020,Flores (UY-FS ),0,0,0,0,0,1,1
04/05/2020,Florida (UY-FD ),0,0,0,0,0,0,0
04/05/2020,Lavalleja (UY-LA ),0,0,0,0,0,4,4
04/05/2020,Maldonado (UY-MA ),7,0,0,4,0,14,25
04/05/2020,Montevideo (UY-MO ),160,-1,0,11,4,323,494
04/05/2020,Paysandú (UY-PA ),0,0,0,0,0,1,1
04/05/2020,Río Negro (UY-RN ),1,0,0,0,0,8,9
04/05/2020,Rivera (UY-RV ),0,0,0,0,0,1,1
04/05/2020,Rocha (UY-RO ),0,0,0,0,0,1,1
04/05/2020,Salto (UY-SA ),0,0,0,0,0,12,12
04/05/2020,San José (UY-SJ ),1,0,0,0,0,2,3
04/05/2020,Soriano (UY-SO ),0,0,0,0,0,1,1
04/05/2020,Tacuarembó (UY-TA ),0,0,0,0,0,0,0
04/05/2020,Treinta y Tres (UY-TT ),5,0,0,0,0,0,5
05/05/2020,Artigas (UY-AR ),0,0,0,0,0,0,0
05/05/2020,Canelones (UY-CA ),18,3,0,2,2,74,94
05/05/2020,Cerro Largo (UY-CL ),0,0,0,0,0,0,0
05/05/2020,Colonia (UY-CO ),3,1,0,0,0,6,9
05/05/2020,Durazno (UY-DU ),0,0,0,0,0,1,1
05/05/2020,Flores (UY-FS ),0,0,0,0,0,1,1
05/05/2020,Florida (UY-FD ),0,0,0,0,0,0,0
05/05/2020,Lavalleja (UY-LA ),0,0,0,0,0,4,4
05/05/2020,Maldonado (UY-MA ),8,1,0,4,0,14,26
05/05/2020,Montevideo (UY-MO ),143,2,0,11,19,342,496
05/05/2020,Paysandú (UY-PA ),0,0,0,0,0,1,1
05/05/2020,Río Negro (UY-RN ),1,0,0,0,0,8,9
05/05/2020,Rivera (UY-RV ),0,0,0,0,0,1,1
05/05/2020,Rocha (UY-RO ),0,0,0,0,0,1,1
05/05/2020,Salto (UY-SA ),0,0,0,0,0,12,12
05/05/2020,San José (UY-SJ ),0,0,0,0,1,3,3
05/05/2020,Soriano (UY-SO ),0,0,0,0,0,1,1
05/05/2020,Tacuarembó (UY-TA ),0,0,0,0,0,0,0
05/05/2020,Treinta y Tres (UY-TT ),12,7,0,0,0,0,12
06/05/2020,Artigas (UY-AR ),0,0,0,0,0,0,0
06/05/2020,Canelones (UY-CA ),18,1,0,2,1,75,95
06/05/2020,Cerro Largo (UY-CL ),0,0,0,0,0,0,0
06/05/2020,Colonia (UY-CO ),3,0,0,0,0,6,9
06/05/2020,Durazno (UY-DU ),0,0,0,0,0,1,1
06/05/2020,Flores (UY-FS ),0,0,0,0,0,1,1
06/05/2020,Florida (UY-FD ),0,0,0,0,0,0,0
06/05/2020,Lavalleja (UY-LA ),0,0,0,0,0,4,4
06/05/2020,Maldonado (UY-MA ),6,0,0,4,2,16,26
06/05/2020,Montevideo (UY-MO ),130,2,0,11,15,357,498
06/05/2020,Paysandú (UY-PA ),0,0,0,0,0,1,1
06/05/2020,Río Negro (UY-RN ),1,0,0,0,0,8,9
06/05/2020,Rivera (UY-RV ),0,0,0,0,0,1,1
06/05/2020,Rocha (UY-RO ),0,0,0,0,0,1,1
06/05/2020,Salto (UY-SA ),0,0,0,0,0,12,12
06/05/2020,San José (UY-SJ ),0,0,0,0,0,3,3
06/05/2020,Soriano (UY-SO ),0,0,0,0,0,1,1
06/05/2020,Tacuarembó (UY-TA ),0,0,0,0,0,0,0
06/05/2020,Treinta y Tres (UY-TT ),12,0,0,0,0,0,12
07/05/2020,Artigas (UY-AR ),0,0,0,0,0,0,0
07/05/2020,Canelones (UY-CA ),18,2,0,2,2,77,97
07/05/2020,Cerro Largo (UY-CL ),0,0,0,0,0,0,0
07/05/2020,Colonia (UY-CO ),2,0,0,0,1,7,9
07/05/2020,Durazno (UY-DU ),0,0,0,0,0,1,1
07/05/2020,Flores (UY-FS ),0,0,0,0,0,1,1
07/05/2020,Florida (UY-FD ),0,0,0,0,0,0,0
07/05/2020,Lavalleja (UY-LA ),0,0,0,0,0,4,4
07/05/2020,Maldonado (UY-MA ),7,1,0,4,0,16,27
07/05/2020,Montevideo (UY-MO ),134,7,0,11,3,360,505
07/05/2020,Paysandú (UY-PA ),0,0,0,0,0,1,1
07/05/2020,Río Negro (UY-RN ),1,0,0,0,0,8,9
07/05/2020,Rivera (UY-RV ),1,0,0,0,-1,0,1
07/05/2020,Rocha (UY-RO ),0,0,0,0,0,1,1
07/05/2020,Salto (UY-SA ),0,0,0,0,0,12,12
07/05/2020,San José (UY-SJ ),0,0,0,0,0,3,3
07/05/2020,Soriano (UY-SO ),0,0,0,0,0,1,1
07/05/2020,Tacuarembó (UY-TA ),0,0,0,0,0,0,0
07/05/2020,Treinta y Tres (UY-TT ),12,0,0,0,0,0,12
08/05/2020,Artigas (UY-AR ),0,0,0,0,0,0,0
08/05/2020,Canelones (UY-CA ),18,0,0,2,0,77,97
08/05/2020,Cerro Largo (UY-CL ),0,0,0,0,0,0,0
08/05/2020,Colonia (UY-CO ),2,0,0,0,0,7,9
08/05/2020,Durazno (UY-DU ),0,0,0,0,0,1,1
08/05/2020,Flores (UY-FS ),0,0,0,0,0,1,1
08/05/2020,Florida (UY-FD ),0,0,0,0,0,0,0
08/05/2020,Lavalleja (UY-LA ),0,0,0,0,0,4,4
08/05/2020,Maldonado (UY-MA ),10,4,0,4,1,17,31
08/05/2020,Montevideo (UY-MO ),126,6,1,12,13,373,511
08/05/2020,Paysandú (UY-PA ),0,0,0,0,0,1,1
08/05/2020,Río Negro (UY-RN ),1,0,0,0,0,8,9
08/05/2020,Rivera (UY-RV ),1,0,0,0,0,0,1
08/05/2020,Rocha (UY-RO ),0,0,0,0,0,1,1
08/05/2020,Salto (UY-SA ),0,0,0,0,0,12,12
08/05/2020,San José (UY-SJ ),0,0,0,0,0,3,3
08/05/2020,Soriano (UY-SO ),0,0,0,0,0,1,1
08/05/2020,Tacuarembó (UY-TA ),0,0,0,0,0,0,0
08/05/2020,Treinta y Tres (UY-TT ),12,0,0,0,0,0,12
09/05/2020,Artigas (UY-AR ),0,0,0,0,0,0,0
09/05/2020,Canelones (UY-CA ),18,1,0,2,1,78,98
09/05/2020,Cerro Largo (UY-CL ),0,0,0,0,0,0,0
09/05/2020,Colonia (UY-CO ),2,0,0,0,0,7,9
09/05/2020,Durazno (UY-DU ),0,0,0,0,0,1,1
09/05/2020,Flores (UY-FS ),0,0,0,0,0,1,1
09/05/2020,Florida (UY-FD ),0,0,0,0,0,0,0
09/05/2020,Lavalleja (UY-LA ),0,0,0,0,0,4,4
09/05/2020,Maldonado (UY-MA ),10,0,0,4,0,17,31
09/05/2020,Montevideo (UY-MO ),127,7,0,12,6,379,518
09/05/2020,Paysandú (UY-PA ),0,0,0,0,0,1,1
09/05/2020,Río Negro (UY-RN ),1,0,0,0,0,8,9
09/05/2020,Rivera (UY-RV ),1,0,0,0,0,0,1
09/05/2020,Rocha (UY-RO ),0,0,0,0,0,1,1
09/05/2020,Salto (UY-SA ),0,0,0,0,0,12,12
09/05/2020,San José (UY-SJ ),0,0,0,0,0,3,3
09/05/2020,Soriano (UY-SO ),0,0,0,0,0,1,1
09/05/2020,Tacuarembó (UY-TA ),0,0,0,0,0,0,0
09/05/2020,Treinta y Tres (UY-TT ),12,0,0,0,0,0,12
10/05/2020,Artigas (UY-AR ),0,0,0,0,0,0,0
10/05/2020,Canelones (UY-CA ),19,1,0,2,0,78,99
10/05/2020,Cerro Largo (UY-CL ),0,0,0,0,0,0,0
10/05/2020,Colonia (UY-CO ),2,1,0,0,1,8,10
10/05/2020,Durazno (UY-DU ),0,0,0,0,0,1,1
10/05/2020,Flores (UY-FS ),0,0,0,0,0,1,1
10/05/2020,Florida (UY-FD ),0,0,0,0,0,0,0
10/05/2020,Lavalleja (UY-LA ),0,0,0,0,0,4,4
10/05/2020,Maldonado (UY-MA ),10,1,0,4,1,18,32
10/05/2020,Montevideo (UY-MO ),124,0,1,13,2,381,518
10/05/2020,Paysandú (UY-PA ),0,0,0,0,0,1,1
10/05/2020,Río Negro (UY-RN ),1,0,0,0,0,8,9
10/05/2020,Rivera (UY-RV ),1,0,0,0,0,0,1
10/05/2020,Rocha (UY-RO ),0,0,0,0,0,1,1
10/05/2020,Salto (UY-SA ),0,0,0,0,0,12,12
10/05/2020,San José (UY-SJ ),2,2,0,0,0,3,5
10/05/2020,Soriano (UY-SO ),0,0,0,0,0,1,1
10/05/2020,Tacuarembó (UY-TA ),0,0,0,0,0,0,0
10/05/2020,Treinta y Tres (UY-TT ),12,0,0,0,0,0,12
11/05/2020,Artigas (UY-AR ),0,0,0,0,0,0,0
11/05/2020,Canelones (UY-CA ),20,2,0,2,1,79,101
11/05/2020,Cerro Largo (UY-CL ),0,0,0,0,0,0,0
11/05/2020,Colonia (UY-CO ),2,0,0,0,0,8,10
11/05/2020,Durazno (UY-DU ),0,0,0,0,0,1,1
11/05/2020,Flores (UY-FS ),0,0,0,0,0,1,1
11/05/2020,Florida (UY-FD ),0,0,0,0,0,0,0
11/05/2020,Lavalleja (UY-LA ),0,0,0,0,0,4,4
11/05/2020,Maldonado (UY-MA ),13,4,0,4,1,19,36
11/05/2020,Montevideo (UY-MO ),119,-2,0,13,3,384,516
11/05/2020,Paysandú (UY-PA ),0,0,0,0,0,1,1
11/05/2020,Río Negro (UY-RN ),1,0,0,0,0,8,9
11/05/2020,Rivera (UY-RV ),1,0,0,0,0,0,1
11/05/2020,Rocha (UY-RO ),0,0,0,0,0,1,1
11/05/2020,Salto (UY-SA ),0,0,0,0,0,12,12
11/05/2020,San José (UY-SJ ),2,0,0,0,0,3,5
11/05/2020,Soriano (UY-SO ),0,0,0,0,0,1,1
11/05/2020,Tacuarembó (UY-TA ),0,0,0,0,0,0,0
11/05/2020,Treinta y Tres (UY-TT ),11,0,0,0,1,1,12
12/05/2020,Artigas (UY-AR ),0,0,0,0,0,0,0
12/05/2020,Canelones (UY-CA ),18,0,0,2,2,81,101
12/05/2020,Cerro Largo (UY-CL ),0,0,0,0,0,0,0
12/05/2020,Colonia (UY-CO ),2,0,0,0,0,8,10
12/05/2020,Durazno (UY-DU ),0,0,0,0,0,1,1
12/05/2020,Flores (UY-FS ),0,0,0,0,0,1,1
12/05/2020,Florida (UY-FD ),0,0,0,0,0,0,0
12/05/2020,Lavalleja (UY-LA ),0,0,0,0,0,4,4
12/05/2020,Maldonado (UY-MA ),9,-1,0,4,3,22,35
12/05/2020,Montevideo (UY-MO ),121,6,0,13,4,388,522
12/05/2020,Paysandú (UY-PA ),0,0,0,0,0,1,1
12/05/2020,Río Negro (UY-RN ),1,0,0,0,0,8,9
12/05/2020,Rivera (UY-RV ),2,1,0,0,0,0,2
12/05/2020,Rocha (UY-RO ),0,0,0,0,0,1,1
12/05/2020,Salto (UY-SA ),0,0,0,0,0,12,12
12/05/2020,San José (UY-SJ ),2,0,0,0,0,3,5
12/05/2020,Soriano (UY-SO ),0,0,0,0,0,1,1
12/05/2020,Tacuarembó (UY-TA ),0,0,0,0,0,0,0
12/05/2020,Treinta y Tres (UY-TT ),11,0,0,0,0,1,12
13/05/2020,Artigas (UY-AR ),0,0,0,0,0,0,0
13/05/2020,Canelones (UY-CA ),15,0,0,2,3,84,101
13/05/2020,Cerro Largo (UY-CL ),0,0,0,0,0,0,0
13/05/2020,Colonia (UY-CO ),2,0,0,0,0,8,10
13/05/2020,Durazno (UY-DU ),0,0,0,0,0,1,1
13/05/2020,Flores (UY-FS ),0,0,0,0,0,1,1
13/05/2020,Florida (UY-FD ),0,0,0,0,0,0,0
13/05/2020,Lavalleja (UY-LA ),0,0,0,0,0,4,4
13/05/2020,Maldonado (UY-MA ),10,2,0,4,1,23,37
13/05/2020,Montevideo (UY-MO ),115,0,0,13,6,394,522
13/05/2020,Paysandú (UY-PA ),0,0,0,0,0,1,1
13/05/2020,Río Negro (UY-RN ),1,0,0,0,0,8,9
13/05/2020,Rivera (UY-RV ),2,0,0,0,0,0,2
13/05/2020,Rocha (UY-RO ),0,0,0,0,0,1,1
13/05/2020,Salto (UY-SA ),0,0,0,0,0,12,12
13/05/2020,San José (UY-SJ ),2,0,0,0,0,3,5
13/05/2020,Soriano (UY-SO ),0,0,0,0,0,1,1
13/05/2020,Tacuarembó (UY-TA ),0,0,0,0,0,0,0
13/05/2020,Treinta y Tres (UY-TT ),8,0,0,0,3,4,12
14/05/2020,Artigas (UY-AR ),0,0,0,0,0,0,0
14/05/2020,Canelones (UY-CA ),16,2,0,2,1,85,103
14/05/2020,Cerro Largo (UY-CL ),0,0,0,0,0,0,0
14/05/2020,Colonia (UY-CO ),2,0,0,0,0,8,10
14/05/2020,Durazno (UY-DU ),0,0,0,0,0,1,1
14/05/2020,Flores (UY-FS ),0,0,0,0,0,1,1
14/05/2020,Florida (UY-FD ),0,0,0,0,0,0,0
14/05/2020,Lavalleja (UY-LA ),0,0,0,0,0,4,4
14/05/2020,Maldonado (UY-MA ),12,1,0,4,-1,22,38
14/05/2020,Montevideo (UY-MO ),115,2,0,13,2,396,524
14/05/2020,Paysandú (UY-PA ),0,0,0,0,0,1,1
14/05/2020,Río Negro (UY-RN ),1,0,0,0,0,8,9
14/05/2020,Rivera (UY-RV ),2,0,0,0,0,0,2
14/05/2020,Rocha (UY-RO ),0,0,0,0,0,1,1
14/05/2020,Salto (UY-SA ),0,0,0,0,0,12,12
14/05/2020,San José (UY-SJ ),2,0,0,0,0,3,5
14/05/2020,Soriano (UY-SO ),0,0,0,0,0,1,1
14/05/2020,Tacuarembó (UY-TA ),0,0,0,0,0,0,0
14/05/2020,Treinta y Tres (UY-TT ),8,0,0,0,0,4,12
15/05/2020,Artigas (UY-AR ),0,0,0,0,0,0,0
15/05/2020,Canelones (UY-CA ),15,1,0,2,2,87,104
15/05/2020,Cerro Largo (UY-CL ),0,0,0,0,0,0,0
15/05/2020,Colonia (UY-CO ),2,0,0,0,0,8,10
15/05/2020,Durazno (UY-DU ),0,0,0,0,0,1,1
15/05/2020,Flores (UY-FS ),0,0,0,0,0,1,1
15/05/2020,Florida (UY-FD ),0,0,0,0,0,0,0
15/05/2020,Lavalleja (UY-LA ),0,0,0,0,0,4,4
15/05/2020,Maldonado (UY-MA ),13,1,0,4,0,22,39
15/05/2020,Montevideo (UY-MO ),117,6,0,13,4,400,530
15/05/2020,Paysandú (UY-PA ),0,0,0,0,0,1,1
15/05/2020,Río Negro (UY-RN ),1,0,0,0,0,8,9
15/05/2020,Rivera (UY-RV ),2,0,0,0,0,0,2
15/05/2020,Rocha (UY-RO ),0,0,0,0,0,1,1
15/05/2020,Salto (UY-SA ),0,0,0,0,0,12,12
15/05/2020,San José (UY-SJ ),2,0,0,0,0,3,5
15/05/2020,Soriano (UY-SO ),0,0,0,0,0,1,1
15/05/2020,Tacuarembó (UY-TA ),0,0,0,0,0,0,0
15/05/2020,Treinta y Tres (UY-TT ),8,0,0,0,0,4,12
16/05/2020,Artigas (UY-AR ),0,0,0,0,0,0,0
16/05/2020,Canelones (UY-CA ),15,0,0,2,0,87,104
16/05/2020,Cerro Largo (UY-CL ),0,0,0,0,0,0,0
16/05/2020,Colonia (UY-CO ),2,0,0,0,0,8,10
16/05/2020,Durazno (UY-DU ),0,0,0,0,0,1,1
16/05/2020,Flores (UY-FS ),0,0,0,0,0,1,1
16/05/2020,Florida (UY-FD ),0,0,0,0,0,0,0
16/05/2020,Lavalleja (UY-LA ),0,0,0,0,0,4,4
16/05/2020,Maldonado (UY-MA ),13,0,0,4,0,22,39
16/05/2020,Montevideo (UY-MO ),113,1,0,13,5,405,531
16/05/2020,Paysandú (UY-PA ),0,0,0,0,0,1,1
16/05/2020,Río Negro (UY-RN ),1,0,0,0,0,8,9
16/05/2020,Rivera (UY-RV ),2,0,0,0,0,0,2
16/05/2020,Rocha (UY-RO ),0,0,0,0,0,1,1
16/05/2020,Salto (UY-SA ),0,0,0,0,0,12,12
16/05/2020,San José (UY-SJ ),2,0,0,0,0,3,5
16/05/2020,Soriano (UY-SO ),0,0,0,0,0,1,1
16/05/2020,Tacuarembó (UY-TA ),0,0,0,0,0,0,0
16/05/2020,Treinta y Tres (UY-TT ),8,0,0,0,0,4,12
17/05/2020,Artigas (UY-AR ),0,0,0,0,0,0,0
17/05/2020,Canelones (UY-CA ),15,0,0,2,0,87,104
17/05/2020,Cerro Largo (UY-CL ),0,0,0,0,0,0,0
17/05/2020,Colonia (UY-CO ),2,0,0,0,0,8,10
17/05/2020,Durazno (UY-DU ),0,0,0,0,0,1,1
17/05/2020,Flores (UY-FS ),0,0,0,0,0,1,1
17/05/2020,Florida (UY-FD ),0,0,0,0,0,0,0
17/05/2020,Lavalleja (UY-LA ),0,0,0,0,0,4,4
17/05/2020,Maldonado (UY-MA ),13,0,0,4,0,22,39
17/05/2020,Montevideo (UY-MO ),107,1,1,14,6,411,532
17/05/2020,Paysandú (UY-PA ),0,0,0,0,0,1,1
17/05/2020,Río Negro (UY-RN ),1,0,0,0,0,8,9
17/05/2020,Rivera (UY-RV ),2,0,0,0,0,0,2
17/05/2020,Rocha (UY-RO ),0,0,0,0,0,1,1
17/05/2020,Salto (UY-SA ),0,0,0,0,0,12,12
17/05/2020,San José (UY-SJ ),2,0,0,0,0,3,5
17/05/2020,Soriano (UY-SO ),0,0,0,0,0,1,1
17/05/2020,Tacuarembó (UY-TA ),0,0,0,0,0,0,0
17/05/2020,Treinta y Tres (UY-TT ),8,0,0,0,0,4,12
18/05/2020,Artigas (UY-AR ),0,0,0,0,0,0,0
18/05/2020,Canelones (UY-CA ),15,0,0,2,0,87,104
18/05/2020,Cerro Largo (UY-CL ),0,0,0,0,0,0,0
18/05/2020,Colonia (UY-CO ),2,0,0,0,0,8,10
18/05/2020,Durazno (UY-DU ),0,0,0,0,0,1,1
18/05/2020,Flores (UY-FS ),0,0,0,0,0,1,1
18/05/2020,Florida (UY-FD ),0,0,0,0,0,0,0
18/05/2020,Lavalleja (UY-LA ),0,0,0,0,0,4,4
18/05/2020,Maldonado (UY-MA ),14,1,0,4,0,22,40
18/05/2020,Montevideo (UY-MO ),104,1,0,14,4,415,533
18/05/2020,Paysandú (UY-PA ),0,0,0,0,0,1,1
18/05/2020,Río Negro (UY-RN ),1,0,0,0,0,8,9
18/05/2020,Rivera (UY-RV ),2,0,0,0,0,0,2
18/05/2020,Rocha (UY-RO ),0,0,0,0,0,1,1
18/05/2020,Salto (UY-SA ),0,0,0,0,0,12,12
18/05/2020,San José (UY-SJ ),2,0,0,0,0,3,5
18/05/2020,Soriano (UY-SO ),0,0,0,0,0,1,1
18/05/2020,Tacuarembó (UY-TA ),0,0,0,0,0,0,0
18/05/2020,Treinta y Tres (UY-TT ),8,0,0,0,0,4,12
19/05/2020,Artigas (UY-AR ),0,0,0,0,0,0,0
19/05/2020,Canelones (UY-CA ),16,2,0,2,1,88,106
19/05/2020,Cerro Largo (UY-CL ),0,0,0,0,0,0,0
19/05/2020,Colonia (UY-CO ),2,0,0,0,0,8,10
19/05/2020,Durazno (UY-DU ),0,0,0,0,0,1,1
19/05/2020,Flores (UY-FS ),0,0,0,0,0,1,1
19/05/2020,Florida (UY-FD ),0,0,0,0,0,0,0
19/05/2020,Lavalleja (UY-LA ),0,0,0,0,0,4,4
19/05/2020,Maldonado (UY-MA ),13,0,0,4,1,23,40
19/05/2020,Montevideo (UY-MO ),103,0,0,14,1,416,533
19/05/2020,Paysandú (UY-PA ),0,0,0,0,0,1,1
19/05/2020,Río Negro (UY-RN ),1,0,0,0,0,8,9
19/05/2020,Rivera (UY-RV ),2,0,0,0,0,0,2
19/05/2020,Rocha (UY-RO ),0,0,0,0,0,1,1
19/05/2020,Salto (UY-SA ),0,0,0,0,0,12,12
19/05/2020,San José (UY-SJ ),2,0,0,0,0,3,5
19/05/2020,Soriano (UY-SO ),0,0,0,0,0,1,1
19/05/2020,Tacuarembó (UY-TA ),0,0,0,0,0,0,0
19/05/2020,Treinta y Tres (UY-TT ),0,0,0,0,8,12,12
20/05/2020,Artigas (UY-AR ),1,0,0,0,0,0,1
20/05/2020,Canelones (UY-CA ),16,2,0,2,2,90,108
20/05/2020,Cerro Largo (UY-CL ),0,0,0,0,0,0,0
20/05/2020,Colonia (UY-CO ),2,0,0,0,0,8,10
20/05/2020,Durazno (UY-DU ),0,0,0,0,0,1,1
20/05/2020,Flores (UY-FS ),0,0,0,0,0,1,1
20/05/2020,Florida (UY-FD ),0,0,0,0,0,0,0
20/05/2020,Lavalleja (UY-LA ),0,0,0,0,0,4,4
20/05/2020,Maldonado (UY-MA ),12,0,0,4,1,24,40
20/05/2020,Montevideo (UY-MO ),102,5,0,14,6,422,538
20/05/2020,Paysandú (UY-PA ),0,0,0,0,0,1,1
20/05/2020,Río Negro (UY-RN ),1,0,0,0,0,8,9
20/05/2020,Rivera (UY-RV ),2,0,0,0,0,0,2
20/05/2020,Rocha (UY-RO ),0,0,0,0,0,1,1
20/05/2020,Salto (UY-SA ),0,0,0,0,0,12,12
20/05/2020,San José (UY-SJ ),2,0,0,0,0,3,5
20/05/2020,Soriano (UY-SO ),0,0,0,0,0,1,1
20/05/2020,Tacuarembó (UY-TA ),0,0,0,0,0,0,0
20/05/2020,Treinta y Tres (UY-TT ),0,0,0,0,0,12,12
21/05/2020,Artigas (UY-AR ),2,0,0,0,0,0,2
21/05/2020,Canelones (UY-CA ),15,-1,0,2,0,90,107
21/05/2020,Cerro Largo (UY-CL ),0,0,0,0,0,0,0
21/05/2020,Colonia (UY-CO ),2,0,0,0,0,8,10
21/05/2020,Durazno (UY-DU ),0,0,0,0,0,1,1
21/05/2020,Flores (UY-FS ),0,0,0,0,0,1,1
21/05/2020,Florida (UY-FD ),0,0,0,0,0,0,0
21/05/2020,Lavalleja (UY-LA ),0,0,0,0,0,4,4
21/05/2020,Maldonado (UY-MA ),10,0,0,4,2,26,40
21/05/2020,Montevideo (UY-MO ),99,1,0,14,4,426,539
21/05/2020,Paysandú (UY-PA ),0,0,0,0,0,1,1
21/05/2020,Río Negro (UY-RN ),1,0,0,0,0,8,9
21/05/2020,Rivera (UY-RV ),4,2,0,0,0,0,4
21/05/2020,Rocha (UY-RO ),0,0,0,0,0,1,1
21/05/2020,Salto (UY-SA ),0,0,0,0,0,12,12
21/05/2020,San José (UY-SJ ),2,0,0,0,0,3,5
21/05/2020,Soriano (UY-SO ),0,0,0,0,0,1,1
21/05/2020,Tacuarembó (UY-TA ),0,0,0,0,0,0,0
21/05/2020,Treinta y Tres (UY-TT ),0,0,0,0,0,12,12
22/05/2020,Artigas (UY-AR ),2,0,0,0,0,0,2
22/05/2020,Canelones (UY-CA ),15,0,0,2,0,90,107
22/05/2020,Cerro Largo (UY-CL ),0,0,0,0,0,0,0
22/05/2020,Colonia (UY-CO ),1,0,0,0,1,9,10
22/05/2020,Durazno (UY-DU ),0,0,0,0,0,1,1
22/05/2020,Flores (UY-FS ),0,0,0,0,0,1,1
22/05/2020,Florida (UY-FD ),0,0,0,0,0,0,0
22/05/2020,Lavalleja (UY-LA ),0,0,0,0,0,4,4
22/05/2020,Maldonado (UY-MA ),9,0,0,4,1,27,40
22/05/2020,Montevideo (UY-MO ),95,3,0,14,7,433,542
22/05/2020,Paysandú (UY-PA ),0,0,0,0,0,1,1
22/05/2020,Río Negro (UY-RN ),1,0,0,0,0,8,9
22/05/2020,Rivera (UY-RV ),5,1,0,0,0,0,5
22/05/2020,Rocha (UY-RO ),0,0,0,0,0,1,1
22/05/2020,Salto (UY-SA ),0,0,0,0,0,12,12
22/05/2020,San José (UY-SJ ),2,0,0,0,0,3,5
22/05/2020,Soriano (UY-SO ),0,0,0,0,0,1,1
22/05/2020,Tacuarembó (UY-TA ),0,0,0,0,0,0,0
22/05/2020,Treinta y Tres (UY-TT ),0,0,0,0,0,12,12
23/05/2020,Artigas (UY-AR ),2,0,0,0,0,0,2
23/05/2020,Canelones (UY-CA ),15,0,0,2,0,90,107
23/05/2020,Cerro Largo (UY-CL ),0,0,0,0,0,0,0
23/05/2020,Colonia (UY-CO ),1,0,0,0,0,9,10
23/05/2020,Durazno (UY-DU ),0,0,0,0,0,1,1
23/05/2020,Flores (UY-FS ),0,0,0,0,0,1,1
23/05/2020,Florida (UY-FD ),0,0,0,0,0,0,0
23/05/2020,Lavalleja (UY-LA ),0,0,0,0,0,4,4
23/05/2020,Maldonado (UY-MA ),7,0,0,4,2,29,40
23/05/2020,Montevideo (UY-MO ),86,2,0,14,11,444,544
23/05/2020,Paysandú (UY-PA ),0,0,0,0,0,1,1
23/05/2020,Río Negro (UY-RN ),1,0,0,0,0,8,9
23/05/2020,Rivera (UY-RV ),12,9,2,2,0,0,14
23/05/2020,Rocha (UY-RO ),0,0,0,0,0,1,1
23/05/2020,Salto (UY-SA ),0,0,0,0,0,12,12
23/05/2020,San José (UY-SJ ),2,0,0,0,0,3,5
23/05/2020,Soriano (UY-SO ),0,0,0,0,0,1,1
23/05/2020,Tacuarembó (UY-TA ),0,0,0,0,0,0,0
23/05/2020,Treinta y Tres (UY-TT ),0,0,0,0,0,12,12
24/05/2020,Artigas (UY-AR ),2,0,0,0,0,0,2
24/05/2020,Canelones (UY-CA ),15,0,0,2,0,90,107
24/05/2020,Cerro Largo (UY-CL ),0,0,0,0,0,0,0
24/05/2020,Colonia (UY-CO ),1,0,0,0,0,9,10
24/05/2020,Durazno (UY-DU ),0,0,0,0,0,1,1
24/05/2020,Flores (UY-FS ),0,0,0,0,0,1,1
24/05/2020,Florida (UY-FD ),0,0,0,0,0,0,0
24/05/2020,Lavalleja (UY-LA ),0,0,0,0,0,4,4
24/05/2020,Maldonado (UY-MA ),6,0,0,4,1,30,40
24/05/2020,Montevideo (UY-MO ),91,5,0,14,0,444,549
24/05/2020,Paysandú (UY-PA ),0,0,0,0,0,1,1
24/05/2020,Río Negro (UY-RN ),1,0,0,0,0,8,9
24/05/2020,Rivera (UY-RV ),12,0,0,2,0,0,14
24/05/2020,Rocha (UY-RO ),0,0,0,0,0,1,1
24/05/2020,Salto (UY-SA ),0,0,0,0,0,12,12
24/05/2020,San José (UY-SJ ),1,0,0,0,1,4,5
24/05/2020,Soriano (UY-SO ),0,0,0,0,0,1,1
24/05/2020,Tacuarembó (UY-TA ),0,0,0,0,0,0,0
24/05/2020,Treinta y Tres (UY-TT ),0,0,0,0,0,12,12
25/05/2020,Artigas (UY-AR ),2,0,0,0,0,0,2
25/05/2020,Canelones (UY-CA ),15,0,0,2,0,90,107
25/05/2020,Cerro Largo (UY-CL ),0,0,0,0,0,0,0
25/05/2020,Colonia (UY-CO ),0,0,0,0,1,10,10
25/05/2020,Durazno (UY-DU ),0,0,0,0,0,1,1
25/05/2020,Flores (UY-FS ),0,0,0,0,0,1,1
25/05/2020,Florida (UY-FD ),0,0,0,0,0,0,0
25/05/2020,Lavalleja (UY-LA ),0,0,0,0,0,4,4
25/05/2020,Maldonado (UY-MA ),5,0,0,4,1,31,40
25/05/2020,Montevideo (UY-MO ),84,0,0,14,7,451,549
25/05/2020,Paysandú (UY-PA ),0,0,0,0,0,1,1
25/05/2020,Río Negro (UY-RN ),1,0,0,0,0,8,9
25/05/2020,Rivera (UY-RV ),29,17,0,2,0,0,31
25/05/2020,Rocha (UY-RO ),0,0,0,0,0,1,1
25/05/2020,Salto (UY-SA ),0,0,0,0,0,12,12
25/05/2020,San José (UY-SJ ),0,0,0,0,1,5,5
25/05/2020,Soriano (UY-SO ),0,0,0,0,0,1,1
25/05/2020,Tacuarembó (UY-TA ),0,0,0,0,0,0,0
25/05/2020,Treinta y Tres (UY-TT ),0,0,0,0,0,12,12
26/05/2020,Artigas (UY-AR ),2,0,0,0,0,0,2
26/05/2020,Canelones (UY-CA ),14,1,0,2,2,92,108
26/05/2020,Cerro Largo (UY-CL ),0,0,0,0,0,0,0
26/05/2020,Colonia (UY-CO ),0,0,0,0,0,10,10
26/05/2020,Durazno (UY-DU ),0,0,0,0,0,1,1
26/05/2020,Flores (UY-FS ),0,0,0,0,0,1,1
26/05/2020,Florida (UY-FD ),0,0,0,0,0,0,0
26/05/2020,Lavalleja (UY-LA ),0,0,0,0,0,4,4
26/05/2020,Maldonado (UY-MA ),4,0,0,4,1,32,40
26/05/2020,Montevideo (UY-MO ),78,1,0,14,7,458,550
26/05/2020,Paysandú (UY-PA ),0,0,0,0,0,1,1
26/05/2020,Río Negro (UY-RN ),1,0,0,0,0,8,9
26/05/2020,Rivera (UY-RV ),30,1,0,2,0,0,32
26/05/2020,Rocha (UY-RO ),0,0,0,0,0,1,1
26/05/2020,Salto (UY-SA ),0,0,0,0,0,12,12
26/05/2020,San José (UY-SJ ),0,0,0,0,0,5,5
26/05/2020,Soriano (UY-SO ),0,0,0,0,0,1,1
26/05/2020,Tacuarembó (UY-TA ),0,0,0,0,0,0,0
26/05/2020,Treinta y Tres (UY-TT ),0,0,0,0,0,12,12
27/05/2020,Artigas (UY-AR ),2,0,0,0,0,0,2
27/05/2020,Canelones (UY-CA ),12,1,0,2,3,95,109
27/05/2020,Cerro Largo (UY-CL ),0,0,0,0,0,0,0
27/05/2020,Colonia (UY-CO ),0,0,0,0,0,10,10
27/05/2020,Durazno (UY-DU ),0,0,0,0,0,1,1
27/05/2020,Flores (UY-FS ),0,0,0,0,0,1,1
27/05/2020,Florida (UY-FD ),0,0,0,0,0,0,0
27/05/2020,Lavalleja (UY-LA ),0,0,0,0,0,4,4
27/05/2020,Maldonado (UY-MA ),1,0,0,4,3,35,40
27/05/2020,Montevideo (UY-MO ),76,4,0,14,6,464,554
27/05/2020,Paysandú (UY-PA ),0,0,0,0,0,1,1
27/05/2020,Río Negro (UY-RN ),1,0,0,0,0,8,9
27/05/2020,Rivera (UY-RV ),38,8,0,2,0,0,40
27/05/2020,Rocha (UY-RO ),0,0,0,0,0,1,1
27/05/2020,Salto (UY-SA ),0,0,0,0,0,12,12
27/05/2020,San José (UY-SJ ),1,1,0,0,0,5,6
27/05/2020,Soriano (UY-SO ),0,0,0,0,0,1,1
27/05/2020,Tacuarembó (UY-TA ),0,0,0,0,0,0,0
27/05/2020,Treinta y Tres (UY-TT ),0,0,0,0,0,12,12
28/05/2020,Artigas (UY-AR ),2,0,0,0,0,0,2
28/05/2020,Canelones (UY-CA ),11,0,0,2,1,96,109
28/05/2020,Cerro Largo (UY-CL ),1,1,0,0,0,0,1
28/05/2020,Colonia (UY-CO ),0,0,0,0,0,10,10
28/05/2020,Durazno (UY-DU ),0,0,0,0,0,1,1
28/05/2020,Flores (UY-FS ),0,0,0,0,0,1,1
28/05/2020,Florida (UY-FD ),0,0,0,0,0,0,0
28/05/2020,Lavalleja (UY-LA ),0,0,0,0,0,4,4
28/05/2020,Maldonado (UY-MA ),1,0,0,4,0,35,40
28/05/2020,Montevideo (UY-MO ),79,5,0,14,2,466,559
28/05/2020,Paysandú (UY-PA ),0,0,0,0,0,1,1
28/05/2020,Río Negro (UY-RN ),0,0,0,0,1,9,9
28/05/2020,Rivera (UY-RV ),40,2,0,2,0,0,42
28/05/2020,Rocha (UY-RO ),0,0,0,0,0,1,1
28/05/2020,Salto (UY-SA ),0,0,0,0,0,12,12
28/05/2020,San José (UY-SJ ),1,0,0,0,0,5,6
28/05/2020,Soriano (UY-SO ),0,0,0,0,0,1,1
28/05/2020,Tacuarembó (UY-TA ),0,0,0,0,0,0,0
28/05/2020,Treinta y Tres (UY-TT ),0,0,0,0,0,12,12
29/05/2020,Artigas (UY-AR ),2,0,0,0,0,0,2
29/05/2020,Canelones (UY-CA ),11,0,0,2,0,96,109
29/05/2020,Cerro Largo (UY-CL ),1,0,0,0,0,0,1
29/05/2020,Colonia (UY-CO ),0,0,0,0,0,10,10
29/05/2020,Durazno (UY-DU ),0,0,0,0,0,1,1
29/05/2020,Flores (UY-FS ),0,0,0,0,0,1,1
29/05/2020,Florida (UY-FD ),0,0,0,0,0,0,0
29/05/2020,Lavalleja (UY-LA ),0,0,0,0,0,4,4
29/05/2020,Maldonado (UY-MA ),1,0,0,4,0,35,40
29/05/2020,Montevideo (UY-MO ),55,2,0,14,26,492,561
29/05/2020,Paysandú (UY-PA ),0,0,0,0,0,1,1
29/05/2020,Río Negro (UY-RN ),0,0,0,0,0,9,9
29/05/2020,Rivera (UY-RV ),42,2,0,2,0,0,44
29/05/2020,Rocha (UY-RO ),0,0,0,0,0,1,1
29/05/2020,Salto (UY-SA ),1,1,0,0,0,12,13
29/05/2020,San José (UY-SJ ),1,0,0,0,0,5,6
29/05/2020,Soriano (UY-SO ),0,0,0,0,0,1,1
29/05/2020,Tacuarembó (UY-TA ),0,0,0,0,0,0,0
29/05/2020,Treinta y Tres (UY-TT ),0,0,0,0,0,12,12
30/05/2020,Artigas (UY-AR ),3,1,0,0,0,0,3
30/05/2020,Canelones (UY-CA ),11,0,0,2,0,96,109
30/05/2020,Cerro Largo (UY-CL ),1,0,0,0,0,0,1
30/05/2020,Colonia (UY-CO ),0,0,0,0,0,10,10
30/05/2020,Durazno (UY-DU ),0,0,0,0,0,1,1
30/05/2020,Flores (UY-FS ),0,0,0,0,0,1,1
30/05/2020,Florida (UY-FD ),0,0,0,0,0,0,0
30/05/2020,Lavalleja (UY-LA ),0,0,0,0,0,4,4
30/05/2020,Maldonado (UY-MA ),1,0,0,4,0,35,40
30/05/2020,Montevideo (UY-MO ),54,1,0,14,2,494,562
30/05/2020,Paysandú (UY-PA ),0,0,0,0,0,1,1
30/05/2020,Río Negro (UY-RN ),0,0,0,0,0,9,9
30/05/2020,Rivera (UY-RV ),45,3,0,2,0,0,47
30/05/2020,Rocha (UY-RO ),0,0,0,0,0,1,1
30/05/2020,Salto (UY-SA ),1,0,0,0,0,12,13
30/05/2020,San José (UY-SJ ),1,0,0,0,0,5,6
30/05/2020,Soriano (UY-SO ),0,0,0,0,0,1,1
30/05/2020,Tacuarembó (UY-TA ),0,0,0,0,0,0,0
30/05/2020,Treinta y Tres (UY-TT ),0,0,0,0,0,12,12
31/05/2020,Artigas (UY-AR ),3,0,0,0,0,0,3
31/05/2020,Canelones (UY-CA ),11,0,0,2,0,96,109
31/05/2020,Cerro Largo (UY-CL ),1,0,0,0,0,0,1
31/05/2020,Colonia (UY-CO ),0,0,0,0,0,10,10
31/05/2020,Durazno (UY-DU ),0,0,0,0,0,1,1
31/05/2020,Flores (UY-FS ),0,0,0,0,0,1,1
31/05/2020,Florida (UY-FD ),0,0,0,0,0,0,0
31/05/2020,Lavalleja (UY-LA ),0,0,0,0,0,4,4
31/05/2020,Maldonado (UY-MA ),1,0,0,4,0,35,40
31/05/2020,Montevideo (UY-MO ),52,0,0,14,2,496,562
31/05/2020,Paysandú (UY-PA ),0,0,0,0,0,1,1
31/05/2020,Río Negro (UY-RN ),0,0,0,0,0,9,9
31/05/2020,Rivera (UY-RV ),46,2,0,2,1,1,49
31/05/2020,Rocha (UY-RO ),0,0,0,0,0,1,1
31/05/2020,Salto (UY-SA ),1,0,0,0,0,12,13
31/05/2020,San José (UY-SJ ),1,0,0,0,0,5,6
31/05/2020,Soriano (UY-SO ),0,0,0,0,0,1,1
31/05/2020,Tacuarembó (UY-TA ),0,0,0,0,0,0,0
31/05/2020,Treinta y Tres (UY-TT ),0,0,0,0,0,12,12
01/06/2020,Artigas (UY-AR ),3,0,0,0,0,0,3
01/06/2020,Canelones (UY-CA ),10,0,0,2,1,97,109
01/06/2020,Cerro Largo (UY-CL ),1,0,0,0,0,0,1
01/06/2020,Colonia (UY-CO ),0,0,0,0,0,10,10
01/06/2020,Durazno (UY-DU ),0,0,0,0,0,1,1
01/06/2020,Flores (UY-FS ),0,0,0,0,0,1,1
01/06/2020,Florida (UY-FD ),0,0,0,0,0,0,0
01/06/2020,Lavalleja (UY-LA ),0,0,0,0,0,4,4
01/06/2020,Maldonado (UY-MA ),1,0,0,4,0,35,40
01/06/2020,Montevideo (UY-MO ),48,0,1,15,3,499,562
01/06/2020,Paysandú (UY-PA ),0,0,0,0,0,1,1
01/06/2020,Río Negro (UY-RN ),0,0,0,0,0,9,9
01/06/2020,Rivera (UY-RV ),48,2,0,2,0,1,51
01/06/2020,Rocha (UY-RO ),0,0,0,0,0,1,1
01/06/2020,Salto (UY-SA ),1,0,0,0,0,12,13
01/06/2020,San José (UY-SJ ),1,0,0,0,0,5,6
01/06/2020,Soriano (UY-SO ),0,0,0,0,0,1,1
01/06/2020,Tacuarembó (UY-TA ),0,0,0,0,0,0,0
01/06/2020,Treinta y Tres (UY-TT ),0,0,0,0,0,12,12
02/06/2020,Artigas (UY-AR ),3,0,0,0,0,0,3
02/06/2020,Canelones (UY-CA ),10,0,0,2,0,97,109
02/06/2020,Cerro Largo (UY-CL ),1,0,0,0,0,0,1
02/06/2020,Colonia (UY-CO ),0,0,0,0,0,10,10
02/06/2020,Durazno (UY-DU ),0,0,0,0,0,1,1
02/06/2020,Flores (UY-FS ),0,0,0,0,0,1,1
02/06/2020,Florida (UY-FD ),0,0,0,0,0,0,0
02/06/2020,Lavalleja (UY-LA ),0,0,0,0,0,4,4
02/06/2020,Maldonado (UY-MA ),0,0,0,4,1,36,40
02/06/2020,Montevideo (UY-MO ),47,0,0,15,1,500,562
02/06/2020,Paysandú (UY-PA ),0,0,0,0,0,1,1
02/06/2020,Río Negro (UY-RN ),0,0,0,0,0,9,9
02/06/2020,Rivera (UY-RV ),48,0,0,2,0,1,51
02/06/2020,Rocha (UY-RO ),1,1,0,0,0,1,2
02/06/2020,Salto (UY-SA ),1,0,0,0,0,12,13
02/06/2020,San José (UY-SJ ),1,0,0,0,0,5,6
02/06/2020,Soriano (UY-SO ),0,0,0,0,0,1,1
02/06/2020,Tacuarembó (UY-TA ),0,0,0,0,0,0,0
02/06/2020,Treinta y Tres (UY-TT ),0,0,0,0,0,12,12
03/06/2020,Artigas (UY-AR ),3,0,0,0,0,0,3
03/06/2020,Canelones (UY-CA ),11,1,0,2,0,97,110
03/06/2020,Cerro Largo (UY-CL ),1,0,0,0,0,0,1
03/06/2020,Colonia (UY-CO ),0,0,0,0,0,10,10
03/06/2020,Durazno (UY-DU ),0,0,0,0,0,1,1
03/06/2020,Flores (UY-FS ),0,0,0,0,0,1,1
03/06/2020,Florida (UY-FD ),0,0,0,0,0,0,0
03/06/2020,Lavalleja (UY-LA ),0,0,0,0,0,4,4
03/06/2020,Maldonado (UY-MA ),0,0,0,4,0,36,40
03/06/2020,Montevideo (UY-MO ),44,1,0,15,4,504,563
03/06/2020,Paysandú (UY-PA ),0,0,0,0,0,1,1
03/06/2020,Río Negro (UY-RN ),0,0,0,0,0,9,9
03/06/2020,Rivera (UY-RV ),45,0,0,2,3,4,51
03/06/2020,Rocha (UY-RO ),1,0,0,0,0,1,2
03/06/2020,Salto (UY-SA ),1,0,0,0,0,12,13
03/06/2020,San José (UY-SJ ),1,0,0,0,0,5,6
03/06/2020,Soriano (UY-SO ),0,0,0,0,0,1,1
03/06/2020,Tacuarembó (UY-TA ),0,0,0,0,0,0,0
03/06/2020,Treinta y Tres (UY-TT ),0,0,0,0,0,12,12
04/06/2020,Artigas (UY-AR ),2,0,0,0,1,1,3
04/06/2020,Canelones (UY-CA ),9,1,0,2,3,100,111
04/06/2020,Cerro Largo (UY-CL ),1,0,0,0,0,0,1
04/06/2020,Colonia (UY-CO ),0,0,0,0,0,10,10
04/06/2020,Durazno (UY-DU ),0,0,0,0,0,1,1
04/06/2020,Flores (UY-FS ),1,1,0,0,0,1,2
04/06/2020,Florida (UY-FD ),0,0,0,0,0,0,0
04/06/2020,Lavalleja (UY-LA ),0,0,0,0,0,4,4
04/06/2020,Maldonado (UY-MA ),0,0,0,4,0,36,40
04/06/2020,Montevideo (UY-MO ),42,1,0,15,3,507,564
04/06/2020,Paysandú (UY-PA ),0,0,0,0,0,1,1
04/06/2020,Río Negro (UY-RN ),0,0,0,0,0,9,9
04/06/2020,Rivera (UY-RV ),42,1,0,2,4,8,52
04/06/2020,Rocha (UY-RO ),1,0,0,0,0,1,2
04/06/2020,Salto (UY-SA ),1,0,0,0,0,12,13
04/06/2020,San José (UY-SJ ),1,0,0,0,0,5,6
04/06/2020,Soriano (UY-SO ),0,0,0,0,0,1,1
04/06/2020,Tacuarembó (UY-TA ),0,0,0,0,0,0,0
04/06/2020,Treinta y Tres (UY-TT ),0,0,0,0,0,12,12
05/06/2020,Artigas (UY-AR ),2,0,0,0,0,1,3
05/06/2020,Canelones (UY-CA ),8,0,0,2,1,101,111
05/06/2020,Cerro Largo (UY-CL ),1,0,0,0,0,0,1
05/06/2020,Colonia (UY-CO ),0,0,0,0,0,10,10
05/06/2020,Durazno (UY-DU ),0,0,0,0,0,1,1
05/06/2020,Flores (UY-FS ),1,0,0,0,0,1,2
05/06/2020,Florida (UY-FD ),0,0,0,0,0,0,0
05/06/2020,Lavalleja (UY-LA ),0,0,0,0,0,4,4
05/06/2020,Maldonado (UY-MA ),0,0,0,4,0,36,40
05/06/2020,Montevideo (UY-MO ),35,1,0,15,8,515,565
05/06/2020,Paysandú (UY-PA ),0,0,0,0,0,1,1
05/06/2020,Río Negro (UY-RN ),0,0,0,0,0,9,9
05/06/2020,Rivera (UY-RV ),40,1,0,2,3,11,53
05/06/2020,Rocha (UY-RO ),1,0,0,0,0,1,2
05/06/2020,Salto (UY-SA ),1,0,0,0,0,12,13
05/06/2020,San José (UY-SJ ),1,0,0,0,0,5,6
05/06/2020,Soriano (UY-SO ),0,0,0,0,0,1,1
05/06/2020,Tacuarembó (UY-TA ),0,0,0,0,0,0,0
05/06/2020,Treinta y Tres (UY-TT ),0,0,0,0,0,12,12
06/06/2020,Artigas (UY-AR ),2,0,0,0,0,1,3
06/06/2020,Canelones (UY-CA ),10,2,0,2,0,101,113
06/06/2020,Cerro Largo (UY-CL ),1,0,0,0,0,0,1
06/06/2020,Colonia (UY-CO ),3,3,0,0,0,10,13
06/06/2020,Durazno (UY-DU ),0,0,0,0,0,1,1
06/06/2020,Flores (UY-FS ),1,0,0,0,0,1,2
06/06/2020,Florida (UY-FD ),0,0,0,0,0,0,0
06/06/2020,Lavalleja (UY-LA ),0,0,0,0,0,4,4
06/06/2020,Maldonado (UY-MA ),0,0,0,4,0,36,40
06/06/2020,Montevideo (UY-MO ),36,3,0,15,2,517,568
06/06/2020,Paysandú (UY-PA ),0,0,0,0,0,1,1
06/06/2020,Río Negro (UY-RN ),1,1,0,0,0,9,10
06/06/2020,Rivera (UY-RV ),39,2,0,2,3,14,55
06/06/2020,Rocha (UY-RO ),1,0,0,0,0,1,2
06/06/2020,Salto (UY-SA ),1,0,0,0,0,12,13
06/06/2020,San José (UY-SJ ),1,0,0,0,0,5,6
06/06/2020,Soriano (UY-SO ),0,0,0,0,0,1,1
06/06/2020,Tacuarembó (UY-TA ),0,0,0,0,0,0,0
06/06/2020,Treinta y Tres (UY-TT ),0,0,0,0,0,12,12
07/06/2020,Artigas (UY-AR ),2,0,0,0,0,1,3
07/06/2020,Canelones (UY-CA ),10,0,0,2,0,101,113
07/06/2020,Cerro Largo (UY-CL ),1,0,0,0,0,0,1
07/06/2020,Colonia (UY-CO ),3,0,0,0,0,10,13
07/06/2020,Durazno (UY-DU ),0,0,0,0,0,1,1
07/06/2020,Flores (UY-FS ),1,0,0,0,0,1,2
07/06/2020,Florida (UY-FD ),0,0,0,0,0,0,0
07/06/2020,Lavalleja (UY-LA ),0,0,0,0,0,4,4
07/06/2020,Maldonado (UY-MA ),0,0,0,4,0,36,40
07/06/2020,Montevideo (UY-MO ),32,0,0,15,4,521,568
07/06/2020,Paysandú (UY-PA ),0,0,0,0,0,1,1
07/06/2020,Río Negro (UY-RN ),1,0,0,0,0,9,10
07/06/2020,Rivera (UY-RV ),39,0,0,2,0,14,55
07/06/2020,Rocha (UY-RO ),1,0,0,0,0,1,2
07/06/2020,Salto (UY-SA ),1,0,0,0,0,12,13
07/06/2020,San José (UY-SJ ),1,0,0,0,0,5,6
07/06/2020,Soriano (UY-SO ),0,0,0,0,0,1,1
07/06/2020,Tacuarembó (UY-TA ),0,0,0,0,0,0,0
07/06/2020,Treinta y Tres (UY-TT ),0,0,0,0,0,12,12
08/06/2020,Artigas (UY-AR ),1,0,0,0,1,2,3
08/06/2020,Canelones (UY-CA ),10,0,0,2,0,101,113
08/06/2020,Cerro Largo (UY-CL ),1,0,0,0,0,0,1
08/06/2020,Colonia (UY-CO ),3,0,0,0,0,10,13
08/06/2020,Durazno (UY-DU ),0,0,0,0,0,1,1
08/06/2020,Flores (UY-FS ),1,0,0,0,0,1,2
08/06/2020,Florida (UY-FD ),0,0,0,0,0,0,0
08/06/2020,Lavalleja (UY-LA ),0,0,0,0,0,4,4
08/06/2020,Maldonado (UY-MA ),0,0,0,4,0,36,40
08/06/2020,Montevideo (UY-MO ),31,0,0,15,1,522,568
08/06/2020,Paysandú (UY-PA ),0,0,0,0,0,1,1
08/06/2020,Río Negro (UY-RN ),1,0,0,0,0,9,10
08/06/2020,Rivera (UY-RV ),33,0,0,2,6,20,55
08/06/2020,Rocha (UY-RO ),1,0,0,0,0,1,2
08/06/2020,Salto (UY-SA ),1,0,0,0,0,12,13
08/06/2020,San José (UY-SJ ),1,0,0,0,0,5,6
08/06/2020,Soriano (UY-SO ),0,0,0,0,0,1,1
08/06/2020,Tacuarembó (UY-TA ),0,0,0,0,0,0,0
08/06/2020,Treinta y Tres (UY-TT ),0,0,0,0,0,12,12
09/06/2020,Artigas (UY-AR ),0,0,0,0,1,3,3
09/06/2020,Canelones (UY-CA ),9,0,0,2,1,102,113
09/06/2020,Cerro Largo (UY-CL ),1,0,0,0,0,0,1
09/06/2020,Colonia (UY-CO ),3,0,0,0,0,10,13
09/06/2020,Durazno (UY-DU ),0,0,0,0,0,1,1
09/06/2020,Flores (UY-FS ),1,0,0,0,0,1,2
09/06/2020,Florida (UY-FD ),0,0,0,0,0,0,0
09/06/2020,Lavalleja (UY-LA ),0,0,0,0,0,4,4
09/06/2020,Maldonado (UY-MA ),0,0,0,4,0,36,40
09/06/2020,Montevideo (UY-MO ),26,0,0,15,5,527,568
09/06/2020,Paysandú (UY-PA ),0,0,0,0,0,1,1
09/06/2020,Río Negro (UY-RN ),1,0,0,0,0,9,10
09/06/2020,Rivera (UY-RV ),25,1,0,2,9,29,56
09/06/2020,Rocha (UY-RO ),1,0,0,0,0,1,2
09/06/2020,Salto (UY-SA ),1,0,0,0,0,12,13
09/06/2020,San José (UY-SJ ),1,0,0,0,0,5,6
09/06/2020,Soriano (UY-SO ),0,0,0,0,0,1,1
09/06/2020,Tacuarembó (UY-TA ),0,0,0,0,0,0,0
09/06/2020,Treinta y Tres (UY-TT ),0,0,0,0,0,12,12
10/06/2020,Artigas (UY-AR ),0,0,0,0,0,3,3
10/06/2020,Canelones (UY-CA ),10,0,0,2,-1,101,113
10/06/2020,Cerro Largo (UY-CL ),0,0,0,0,1,1,1
10/06/2020,Colonia (UY-CO ),3,0,0,0,0,10,13
10/06/2020,Durazno (UY-DU ),0,0,0,0,0,1,1
10/06/2020,Flores (UY-FS ),1,0,0,0,0,1,2
10/06/2020,Florida (UY-FD ),0,0,0,0,0,0,0
10/06/2020,Lavalleja (UY-LA ),0,0,0,0,0,4,4
10/06/2020,Maldonado (UY-MA ),0,0,0,4,0,36,40
10/06/2020,Montevideo (UY-MO ),24,2,0,15,4,531,570
10/06/2020,Paysandú (UY-PA ),0,0,0,0,0,1,1
10/06/2020,Río Negro (UY-RN ),1,0,0,0,0,9,10
10/06/2020,Rivera (UY-RV ),24,0,0,2,1,30,56
10/06/2020,Rocha (UY-RO ),1,0,0,0,0,1,2
10/06/2020,Salto (UY-SA ),1,0,0,0,0,12,13
10/06/2020,San José (UY-SJ ),1,0,0,0,0,5,6
10/06/2020,Soriano (UY-SO ),0,0,0,0,0,1,1
10/06/2020,Tacuarembó (UY-TA ),0,0,0,0,0,0,0
10/06/2020,Treinta y Tres (UY-TT ),0,0,0,0,0,12,12
11/06/2020,Artigas (UY-AR ),0,0,0,0,0,3,3
11/06/2020,Canelones (UY-CA ),9,-1,0,2,0,101,112
11/06/2020,Cerro Largo (UY-CL ),0,0,0,0,0,1,1
11/06/2020,Colonia (UY-CO ),3,0,0,0,0,10,13
11/06/2020,Durazno (UY-DU ),0,0,0,0,0,1,1
11/06/2020,Flores (UY-FS ),1,0,0,0,0,1,2
11/06/2020,Florida (UY-FD ),0,0,0,0,0,0,0
11/06/2020,Lavalleja (UY-LA ),0,0,0,0,0,4,4
11/06/2020,Maldonado (UY-MA ),0,0,0,4,0,36,40
11/06/2020,Montevideo (UY-MO ),20,0,0,15,4,535,570
11/06/2020,Paysandú (UY-PA ),0,0,0,0,0,1,1
11/06/2020,Río Negro (UY-RN ),1,0,0,0,0,9,10
11/06/2020,Rivera (UY-RV ),16,0,0,2,8,38,56
11/06/2020,Rocha (UY-RO ),1,0,0,0,0,1,2
11/06/2020,Salto (UY-SA ),1,0,0,0,0,12,13
11/06/2020,San José (UY-SJ ),0,0,0,0,1,6,6
11/06/2020,Soriano (UY-SO ),0,0,0,0,0,1,1
11/06/2020,Tacuarembó (UY-TA ),0,0,0,0,0,0,0
11/06/2020,Treinta y Tres (UY-TT ),0,0,0,0,0,12,12
12/06/2020,Artigas (UY-AR ),0,0,0,0,0,3,3
12/06/2020,Canelones (UY-CA ),7,0,0,2,2,103,112
12/06/2020,Cerro Largo (UY-CL ),0,0,0,0,0,1,1
12/06/2020,Colonia (UY-CO ),3,0,0,0,0,10,13
12/06/2020,Durazno (UY-DU ),0,0,0,0,0,1,1
12/06/2020,Flores (UY-FS ),1,0,0,0,0,1,2
12/06/2020,Florida (UY-FD ),0,0,0,0,0,0,0
12/06/2020,Lavalleja (UY-LA ),0,0,0,0,0,4,4
12/06/2020,Maldonado (UY-MA ),0,0,0,4,0,36,40
12/06/2020,Montevideo (UY-MO ),17,0,0,15,3,538,570
12/06/2020,Paysandú (UY-PA ),0,0,0,0,0,1,1
12/06/2020,Río Negro (UY-RN ),1,0,0,0,0,9,10
12/06/2020,Rivera (UY-RV ),13,0,0,2,3,41,56
12/06/2020,Rocha (UY-RO ),1,0,0,0,0,1,2
12/06/2020,Salto (UY-SA ),1,0,0,0,0,12,13
12/06/2020,San José (UY-SJ ),0,0,0,0,0,6,6
12/06/2020,Soriano (UY-SO ),0,0,0,0,0,1,1
12/06/2020,Tacuarembó (UY-TA ),0,0,0,0,0,0,0
12/06/2020,Treinta y Tres (UY-TT ),0,0,0,0,0,12,12
13/06/2020,Artigas (UY-AR ),0,0,0,0,0,3,3
13/06/2020,Canelones (UY-CA ),7,0,0,2,0,103,112
13/06/2020,Cerro Largo (UY-CL ),0,0,0,0,0,1,1
13/06/2020,Colonia (UY-CO ),3,0,0,0,0,10,13
13/06/2020,Durazno (UY-DU ),0,0,0,0,0,1,1
13/06/2020,Flores (UY-FS ),1,0,0,0,0,1,2
13/06/2020,Florida (UY-FD ),0,0,0,0,0,0,0
13/06/2020,Lavalleja (UY-LA ),0,0,0,0,0,4,4
13/06/2020,Maldonado (UY-MA ),0,0,0,4,0,36,40
13/06/2020,Montevideo (UY-MO ),15,0,0,15,2,540,570
13/06/2020,Paysandú (UY-PA ),0,0,0,0,0,1,1
13/06/2020,Río Negro (UY-RN ),1,0,0,0,0,9,10
13/06/2020,Rivera (UY-RV ),11,0,0,2,2,43,56
13/06/2020,Rocha (UY-RO ),1,0,0,0,0,1,2
13/06/2020,Salto (UY-SA ),1,0,0,0,0,12,13
13/06/2020,San José (UY-SJ ),0,0,0,0,0,6,6
13/06/2020,Soriano (UY-SO ),0,0,0,0,0,1,1
13/06/2020,Tacuarembó (UY-TA ),0,0,0,0,0,0,0
13/06/2020,Treinta y Tres (UY-TT ),0,0,0,0,0,12,12
14/06/2020,Artigas (UY-AR ),0,0,0,0,0,3,3
14/06/2020,Canelones (UY-CA ),6,0,0,2,1,104,112
14/06/2020,Cerro Largo (UY-CL ),0,0,0,0,0,1,1
14/06/2020,Colonia (UY-CO ),3,0,0,0,0,10,13
14/06/2020,Durazno (UY-DU ),0,0,0,0,0,1,1
14/06/2020,Flores (UY-FS ),1,0,0,0,0,1,2
14/06/2020,Florida (UY-FD ),0,0,0,0,0,0,0
14/06/2020,Lavalleja (UY-LA ),0,0,0,0,0,4,4
14/06/2020,Maldonado (UY-MA ),0,0,0,4,0,36,40
14/06/2020,Montevideo (UY-MO ),14,0,0,15,1,541,570
14/06/2020,Paysandú (UY-PA ),0,0,0,0,0,1,1
14/06/2020,Río Negro (UY-RN ),1,0,0,0,0,9,10
14/06/2020,Rivera (UY-RV ),10,1,0,2,2,45,57
14/06/2020,Rocha (UY-RO ),1,0,0,0,0,1,2
14/06/2020,Salto (UY-SA ),1,0,0,0,0,12,13
14/06/2020,San José (UY-SJ ),0,0,0,0,0,6,6
14/06/2020,Soriano (UY-SO ),0,0,0,0,0,1,1
14/06/2020,Tacuarembó (UY-TA ),0,0,0,0,0,0,0
14/06/2020,Treinta y Tres (UY-TT ),0,0,0,0,0,12,12
15/06/2020,Artigas (UY-AR ),0,0,0,0,0,3,3
15/06/2020,Canelones (UY-CA ),6,0,0,2,0,104,112
15/06/2020,Cerro Largo (UY-CL ),0,0,0,0,0,1,1
15/06/2020,Colonia (UY-CO ),3,0,0,0,0,10,13
15/06/2020,Durazno (UY-DU ),0,0,0,0,0,1,1
15/06/2020,Flores (UY-FS ),1,0,0,0,0,1,2
15/06/2020,Florida (UY-FD ),0,0,0,0,0,0,0
15/06/2020,Lavalleja (UY-LA ),0,0,0,0,0,4,4
15/06/2020,Maldonado (UY-MA ),0,0,0,4,0,36,40
15/06/2020,Montevideo (UY-MO ),12,0,0,15,2,543,570
15/06/2020,Paysandú (UY-PA ),0,0,0,0,0,1,1
15/06/2020,Río Negro (UY-RN ),1,0,0,0,0,9,10
15/06/2020,Rivera (UY-RV ),7,-1,0,2,2,47,56
15/06/2020,Rocha (UY-RO ),1,0,0,0,0,1,2
15/06/2020,Salto (UY-SA ),1,0,0,0,0,12,13
15/06/2020,San José (UY-SJ ),0,0,0,0,0,6,6
15/06/2020,Soriano (UY-SO ),0,0,0,0,0,1,1
15/06/2020,Tacuarembó (UY-TA ),1,1,0,0,0,0,1
15/06/2020,Treinta y Tres (UY-TT ),0,0,0,0,0,12,12
16/06/2020,Artigas (UY-AR ),0,0,0,0,0,3,3
16/06/2020,Canelones (UY-CA ),4,0,0,2,2,106,112
16/06/2020,Cerro Largo (UY-CL ),0,0,0,0,0,1,1
16/06/2020,Colonia (UY-CO ),2,0,0,0,1,11,13
16/06/2020,Durazno (UY-DU ),0,0,0,0,0,1,1
16/06/2020,Flores (UY-FS ),1,0,0,0,0,1,2
16/06/2020,Florida (UY-FD ),0,0,0,0,0,0,0
16/06/2020,Lavalleja (UY-LA ),0,0,0,0,0,4,4
16/06/2020,Maldonado (UY-MA ),0,0,0,4,0,36,40
16/06/2020,Montevideo (UY-MO ),10,1,1,16,2,545,571
16/06/2020,Paysandú (UY-PA ),0,0,0,0,0,1,1
16/06/2020,Río Negro (UY-RN ),1,0,0,0,0,9,10
16/06/2020,Rivera (UY-RV ),4,0,0,2,3,50,56
16/06/2020,Rocha (UY-RO ),0,0,0,0,1,2,2
16/06/2020,Salto (UY-SA ),1,0,0,0,0,12,13
16/06/2020,San José (UY-SJ ),0,0,0,0,0,6,6
16/06/2020,Soriano (UY-SO ),0,0,0,0,0,1,1
16/06/2020,Tacuarembó (UY-TA ),1,0,0,0,0,0,1
16/06/2020,Treinta y Tres (UY-TT ),0,0,0,0,0,12,12
17/06/2020,Artigas (UY-AR ),0,0,0,0,0,3,3
17/06/2020,Canelones (UY-CA ),4,0,0,2,0,106,112
17/06/2020,Cerro Largo (UY-CL ),0,0,0,0,0,1,1
17/06/2020,Colonia (UY-CO ),2,0,0,0,0,11,13
17/06/2020,Durazno (UY-DU ),0,0,0,0,0,1,1
17/06/2020,Flores (UY-FS ),1,0,0,0,0,1,2
17/06/2020,Florida (UY-FD ),0,0,0,0,0,0,0
17/06/2020,Lavalleja (UY-LA ),0,0,0,0,0,4,4
17/06/2020,Maldonado (UY-MA ),0,0,0,4,0,36,40
17/06/2020,Montevideo (UY-MO ),4,0,0,16,6,551,571
17/06/2020,Paysandú (UY-PA ),0,0,0,0,0,1,1
17/06/2020,Río Negro (UY-RN ),1,0,0,0,0,9,10
17/06/2020,Rivera (UY-RV ),1,0,0,2,3,53,56
17/06/2020,Rocha (UY-RO ),0,0,0,0,0,2,2
17/06/2020,Salto (UY-SA ),1,0,0,0,0,12,13
17/06/2020,San José (UY-SJ ),0,0,0,0,0,6,6
17/06/2020,Soriano (UY-SO ),0,0,0,0,0,1,1
17/06/2020,Tacuarembó (UY-TA ),1,0,0,0,0,0,1
17/06/2020,Treinta y Tres (UY-TT ),0,0,0,0,0,12,12
18/06/2020,Artigas (UY-AR ),0,0,0,0,0,3,3
18/06/2020,Canelones (UY-CA ),4,1,0,2,1,107,113
18/06/2020,Cerro Largo (UY-CL ),0,0,0,0,0,1,1
18/06/2020,Colonia (UY-CO ),1,0,0,0,1,12,13
18/06/2020,Durazno (UY-DU ),0,0,0,0,0,1,1
18/06/2020,Flores (UY-FS ),0,0,0,0,1,2,2
18/06/2020,Florida (UY-FD ),0,0,0,0,0,0,0
18/06/2020,Lavalleja (UY-LA ),0,0,0,0,0,4,4
18/06/2020,Maldonado (UY-MA ),0,0,0,4,0,36,40
18/06/2020,Montevideo (UY-MO ),3,0,0,16,1,552,571
18/06/2020,Paysandú (UY-PA ),0,0,0,0,0,1,1
18/06/2020,Río Negro (UY-RN ),1,0,0,0,0,9,10
18/06/2020,Rivera (UY-RV ),1,0,0,2,0,53,56
18/06/2020,Rocha (UY-RO ),0,0,0,0,0,2,2
18/06/2020,Salto (UY-SA ),1,0,0,0,0,12,13
18/06/2020,San José (UY-SJ ),0,0,0,0,0,6,6
18/06/2020,Soriano (UY-SO ),0,0,0,0,0,1,1
18/06/2020,Tacuarembó (UY-TA ),1,0,0,0,0,0,1
18/06/2020,Treinta y Tres (UY-TT ),0,0,0,0,0,12,12
19/06/2020,Artigas (UY-AR ),0,0,0,0,0,3,3
19/06/2020,Canelones (UY-CA ),4,0,0,2,0,107,113
19/06/2020,Cerro Largo (UY-CL ),0,0,0,0,0,1,1
19/06/2020,Colonia (UY-CO ),1,0,0,0,0,12,13
19/06/2020,Durazno (UY-DU ),0,0,0,0,0,1,1
19/06/2020,Flores (UY-FS ),0,0,0,0,0,2,2
19/06/2020,Florida (UY-FD ),0,0,0,0,0,0,0
19/06/2020,Lavalleja (UY-LA ),0,0,0,0,0,4,4
19/06/2020,Maldonado (UY-MA ),0,0,0,4,0,36,40
19/06/2020,Montevideo (UY-MO ),3,0,0,16,0,552,571
19/06/2020,Paysandú (UY-PA ),0,0,0,0,0,1,1
19/06/2020,Río Negro (UY-RN ),1,0,0,0,0,9,10
19/06/2020,Rivera (UY-RV ),2,1,0,2,0,53,57
19/06/2020,Rocha (UY-RO ),0,0,0,0,0,2,2
19/06/2020,Salto (UY-SA ),1,0,0,0,0,12,13
19/06/2020,San José (UY-SJ ),1,1,0,0,0,6,7
19/06/2020,Soriano (UY-SO ),0,0,0,0,0,1,1
19/06/2020,Tacuarembó (UY-TA ),1,0,0,0,0,0,1
19/06/2020,Treinta y Tres (UY-TT ),1,1,0,0,0,12,13
20/06/2020,Artigas (UY-AR ),0,0,0,0,0,3,3
20/06/2020,Canelones (UY-CA ),4,0,0,2,0,107,113
20/06/2020,Cerro Largo (UY-CL ),0,0,0,0,0,1,1
20/06/2020,Colonia (UY-CO ),1,0,0,0,0,12,13
20/06/2020,Durazno (UY-DU ),0,0,0,0,0,1,1
20/06/2020,Flores (UY-FS ),0,0,0,0,0,2,2
20/06/2020,Florida (UY-FD ),0,0,0,0,0,0,0
20/06/2020,Lavalleja (UY-LA ),0,0,0,0,0,4,4
20/06/2020,Maldonado (UY-MA ),0,0,0,4,0,36,40
20/06/2020,Montevideo (UY-MO ),2,0,1,17,0,552,571
20/06/2020,Paysandú (UY-PA ),0,0,0,0,0,1,1
20/06/2020,Río Negro (UY-RN ),0,0,0,0,1,10,10
20/06/2020,Rivera (UY-RV ),2,0,0,2,0,53,57
20/06/2020,Rocha (UY-RO ),0,0,0,0,0,2,2
20/06/2020,Salto (UY-SA ),1,0,0,0,0,12,13
20/06/2020,San José (UY-SJ ),1,0,0,0,0,6,7
20/06/2020,Soriano (UY-SO ),0,0,0,0,0,1,1
20/06/2020,Tacuarembó (UY-TA ),2,1,0,0,0,0,2
20/06/2020,Treinta y Tres (UY-TT ),6,5,0,0,0,12,18
21/06/2020,Artigas (UY-AR ),0,0,0,0,0,3,3
21/06/2020,Canelones (UY-CA ),6,2,0,2,0,107,115
21/06/2020,Cerro Largo (UY-CL ),0,0,0,0,0,1,1
21/06/2020,Colonia (UY-CO ),1,0,0,0,0,12,13
21/06/2020,Durazno (UY-DU ),0,0,0,0,0,1,1
21/06/2020,Flores (UY-FS ),0,0,0,0,0,2,2
21/06/2020,Florida (UY-FD ),0,0,0,0,0,0,0
21/06/2020,Lavalleja (UY-LA ),0,0,0,0,0,4,4
21/06/2020,Maldonado (UY-MA ),0,0,0,4,0,36,40
21/06/2020,Montevideo (UY-MO ),6,3,0,17,-1,551,574
21/06/2020,Paysandú (UY-PA ),0,0,0,0,0,1,1
21/06/2020,Río Negro (UY-RN ),0,0,0,0,0,10,10
21/06/2020,Rivera (UY-RV ),2,0,0,2,0,53,57
21/06/2020,Rocha (UY-RO ),0,0,0,0,0,2,2
21/06/2020,Salto (UY-SA ),1,0,0,0,0,12,13
21/06/2020,San José (UY-SJ ),1,0,0,0,0,6,7
21/06/2020,Soriano (UY-SO ),0,0,0,0,0,1,1
21/06/2020,Tacuarembó (UY-TA ),2,0,0,0,0,0,2
21/06/2020,Treinta y Tres (UY-TT ),18,12,0,0,0,12,30
22/06/2020,Artigas (UY-AR ),0,0,0,0,0,3,3
22/06/2020,Canelones (UY-CA ),6,0,0,2,0,107,115
22/06/2020,Cerro Largo (UY-CL ),0,0,0,0,0,1,1
22/06/2020,Colonia (UY-CO ),0,0,0,0,1,13,13
22/06/2020,Durazno (UY-DU ),0,0,0,0,0,1,1
22/06/2020,Flores (UY-FS ),0,0,0,0,0,2,2
22/06/2020,Florida (UY-FD ),0,0,0,0,0,0,0
22/06/2020,Lavalleja (UY-LA ),0,0,0,0,0,4,4
22/06/2020,Maldonado (UY-MA ),0,0,0,4,0,36,40
22/06/2020,Montevideo (UY-MO ),6,0,0,17,0,551,574
22/06/2020,Paysandú (UY-PA ),0,0,0,0,0,1,1
22/06/2020,Río Negro (UY-RN ),0,0,0,0,0,10,10
22/06/2020,Rivera (UY-RV ),2,0,0,2,0,53,57
22/06/2020,Rocha (UY-RO ),0,0,0,0,0,2,2
22/06/2020,Salto (UY-SA ),1,0,0,0,0,12,13
22/06/2020,San José (UY-SJ ),1,0,0,0,0,6,7
22/06/2020,Soriano (UY-SO ),0,0,0,0,0,1,1
22/06/2020,Tacuarembó (UY-TA ),2,0,0,0,0,0,2
22/06/2020,Treinta y Tres (UY-TT ),24,6,0,0,0,12,36
23/06/2020,Artigas (UY-AR ),0,0,0,0,0,3,3
23/06/2020,Canelones (UY-CA ),6,0,0,2,0,107,115
23/06/2020,Cerro Largo (UY-CL ),0,0,0,0,0,1,1
23/06/2020,Colonia (UY-CO ),0,0,0,0,0,13,13
23/06/2020,Durazno (UY-DU ),0,0,0,0,0,1,1
23/06/2020,Flores (UY-FS ),0,0,0,0,0,2,2
23/06/2020,Florida (UY-FD ),0,0,0,0,0,0,0
23/06/2020,Lavalleja (UY-LA ),0,0,0,0,0,4,4
23/06/2020,Maldonado (UY-MA ),0,0,0,4,0,36,40
23/06/2020,Montevideo (UY-MO ),7,1,0,17,0,551,575
23/06/2020,Paysandú (UY-PA ),0,0,0,0,0,1,1
23/06/2020,Río Negro (UY-RN ),0,0,0,0,0,10,10
23/06/2020,Rivera (UY-RV ),2,0,0,2,0,53,57
23/06/2020,Rocha (UY-RO ),0,0,0,0,0,2,2
23/06/2020,Salto (UY-SA ),1,0,0,0,0,12,13
23/06/2020,San José (UY-SJ ),1,0,0,0,0,6,7
23/06/2020,Soriano (UY-SO ),0,0,0,0,0,1,1
23/06/2020,Tacuarembó (UY-TA ),2,0,0,0,0,0,2
23/06/2020,Treinta y Tres (UY-TT ),26,2,0,0,0,12,38
24/06/2020,Artigas (UY-AR ),0,0,0,0,0,3,3
24/06/2020,Canelones (UY-CA ),6,0,0,2,0,107,115
24/06/2020,Cerro Largo (UY-CL ),0,0,0,0,0,1,1
24/06/2020,Colonia (UY-CO ),0,0,0,0,0,13,13
24/06/2020,Durazno (UY-DU ),0,0,0,0,0,1,1
24/06/2020,Flores (UY-FS ),0,0,0,0,0,2,2
24/06/2020,Florida (UY-FD ),0,0,0,0,0,0,0
24/06/2020,Lavalleja (UY-LA ),0,0,0,0,0,4,4
24/06/2020,Maldonado (UY-MA ),0,0,0,4,0,36,40
24/06/2020,Montevideo (UY-MO ),7,0,0,17,0,551,575
24/06/2020,Paysandú (UY-PA ),0,0,0,0,0,1,1
24/06/2020,Río Negro (UY-RN ),0,0,0,0,0,10,10
24/06/2020,Rivera (UY-RV ),1,0,1,3,0,53,57
24/06/2020,Rocha (UY-RO ),0,0,0,0,0,2,2
24/06/2020,Salto (UY-SA ),1,0,0,0,0,12,13
24/06/2020,San José (UY-SJ ),1,0,0,0,0,6,7
24/06/2020,Soriano (UY-SO ),0,0,0,0,0,1,1
24/06/2020,Tacuarembó (UY-TA ),2,0,0,0,0,0,2
24/06/2020,Treinta y Tres (UY-TT ),43,17,0,0,0,12,55
25/06/2020,Artigas (UY-AR ),0,0,0,0,0,3,3
25/06/2020,Canelones (UY-CA ),6,1,0,2,1,108,116
25/06/2020,Cerro Largo (UY-CL ),0,0,0,0,0,1,1
25/06/2020,Colonia (UY-CO ),0,0,0,0,0,13,13
25/06/2020,Durazno (UY-DU ),0,0,0,0,0,1,1
25/06/2020,Flores (UY-FS ),0,0,0,0,0,2,2
25/06/2020,Florida (UY-FD ),0,0,0,0,0,0,0
25/06/2020,Lavalleja (UY-LA ),0,0,0,0,0,4,4
25/06/2020,Maldonado (UY-MA ),0,0,0,4,0,36,40
25/06/2020,Montevideo (UY-MO ),7,1,0,17,1,552,576
25/06/2020,Paysandú (UY-PA ),0,0,0,0,0,1,1
25/06/2020,Río Negro (UY-RN ),0,0,0,0,0,10,10
25/06/2020,Rivera (UY-RV ),1,0,0,3,0,53,57
25/06/2020,Rocha (UY-RO ),0,0,0,0,0,2,2
25/06/2020,Salto (UY-SA ),1,0,0,0,0,12,13
25/06/2020,San José (UY-SJ ),1,0,0,0,0,6,7
25/06/2020,Soriano (UY-SO ),0,0,0,0,0,1,1
25/06/2020,Tacuarembó (UY-TA ),2,0,0,0,0,0,2
25/06/2020,Treinta y Tres (UY-TT ),45,3,0,0,1,13,58
26/06/2020,Artigas (UY-AR ),0,0,0,0,0,3,3
26/06/2020,Canelones (UY-CA ),7,1,0,2,0,108,117
26/06/2020,Cerro Largo (UY-CL ),0,0,0,0,0,1,1
26/06/2020,Colonia (UY-CO ),0,0,0,0,0,13,13
26/06/2020,Durazno (UY-DU ),0,0,0,0,0,1,1
26/06/2020,Flores (UY-FS ),0,0,0,0,0,2,2
26/06/2020,Florida (UY-FD ),0,0,0,0,0,0,0
26/06/2020,Lavalleja (UY-LA ),0,0,0,0,0,4,4
26/06/2020,Maldonado (UY-MA ),0,0,0,4,0,36,40
26/06/2020,Montevideo (UY-MO ),9,3,0,17,1,553,579
26/06/2020,Paysandú (UY-PA ),0,0,0,0,0,1,1
26/06/2020,Río Negro (UY-RN ),0,0,0,0,0,10,10
26/06/2020,Rivera (UY-RV ),1,0,0,3,0,53,57
26/06/2020,Rocha (UY-RO ),0,0,0,0,0,2,2
26/06/2020,Salto (UY-SA ),1,0,0,0,0,12,13
26/06/2020,San José (UY-SJ ),1,0,0,0,0,6,7
26/06/2020,Soriano (UY-SO ),0,0,0,0,0,1,1
26/06/2020,Tacuarembó (UY-TA ),2,0,0,0,0,0,2
26/06/2020,Treinta y Tres (UY-TT ),54,8,0,0,-1,12,66
27/06/2020,Artigas (UY-AR ),0,0,0,0,0,3,3
27/06/2020,Canelones (UY-CA ),7,0,0,2,0,108,117
27/06/2020,Cerro Largo (UY-CL ),0,0,0,0,0,1,1
27/06/2020,Colonia (UY-CO ),0,0,0,0,0,13,13
27/06/2020,Durazno (UY-DU ),0,0,0,0,0,1,1
27/06/2020,Flores (UY-FS ),0,0,0,0,0,2,2
27/06/2020,Florida (UY-FD ),0,0,0,0,0,0,0
27/06/2020,Lavalleja (UY-LA ),0,0,0,0,0,4,4
27/06/2020,Maldonado (UY-MA ),0,0,0,4,0,36,40
27/06/2020,Montevideo (UY-MO ),9,0,0,17,0,553,579
27/06/2020,Paysandú (UY-PA ),0,0,0,0,0,1,1
27/06/2020,Río Negro (UY-RN ),0,0,0,0,0,10,10
27/06/2020,Rivera (UY-RV ),1,0,0,3,0,53,57
27/06/2020,Rocha (UY-RO ),0,0,0,0,0,2,2
27/06/2020,Salto (UY-SA ),1,0,0,0,0,12,13
27/06/2020,San José (UY-SJ ),1,0,0,0,0,6,7
27/06/2020,Soriano (UY-SO ),0,0,0,0,0,1,1
27/06/2020,Tacuarembó (UY-TA ),2,0,0,0,0,0,2
27/06/2020,Treinta y Tres (UY-TT ),59,5,0,0,0,12,71
28/06/2020,Artigas (UY-AR ),0,0,0,0,0,3,3
28/06/2020,Canelones (UY-CA ),7,0,0,2,0,108,117
28/06/2020,Cerro Largo (UY-CL ),0,0,0,0,0,1,1
28/06/2020,Colonia (UY-CO ),0,0,0,0,0,13,13
28/06/2020,Durazno (UY-DU ),0,0,0,0,0,1,1
28/06/2020,Flores (UY-FS ),0,0,0,0,0,2,2
28/06/2020,Florida (UY-FD ),0,0,0,0,0,0,0
28/06/2020,Lavalleja (UY-LA ),0,0,0,0,0,4,4
28/06/2020,Maldonado (UY-MA ),0,0,0,4,0,36,40
28/06/2020,Montevideo (UY-MO ),10,1,0,17,0,553,580
28/06/2020,Paysandú (UY-PA ),1,1,0,0,0,1,2
28/06/2020,Río Negro (UY-RN ),0,0,0,0,0,10,10
28/06/2020,Rivera (UY-RV ),1,0,0,3,0,53,57
28/06/2020,Rocha (UY-RO ),0,0,0,0,0,2,2
28/06/2020,Salto (UY-SA ),1,0,0,0,0,12,13
28/06/2020,San José (UY-SJ ),1,0,0,0,0,6,7
28/06/2020,Soriano (UY-SO ),0,0,0,0,0,1,1
28/06/2020,Tacuarembó (UY-TA ),2,0,0,0,0,0,2
28/06/2020,Treinta y Tres (UY-TT ),61,4,1,1,1,13,75
29/06/2020,Artigas (UY-AR ),0,0,0,0,0,3,3
29/06/2020,Canelones (UY-CA ),7,0,0,2,0,108,117
29/06/2020,Cerro Largo (UY-CL ),0,0,0,0,0,1,1
29/06/2020,Colonia (UY-CO ),0,0,0,0,0,13,13
29/06/2020,Durazno (UY-DU ),0,0,0,0,0,1,1
29/06/2020,Flores (UY-FS ),0,0,0,0,0,2,2
29/06/2020,Florida (UY-FD ),0,0,0,0,0,0,0
29/06/2020,Lavalleja (UY-LA ),0,0,0,0,0,4,4
29/06/2020,Maldonado (UY-MA ),0,0,0,4,0,36,40
29/06/2020,Montevideo (UY-MO ),9,0,0,17,1,554,580
29/06/2020,Paysandú (UY-PA ),1,0,0,0,0,1,2
29/06/2020,Río Negro (UY-RN ),0,0,0,0,0,10,10
29/06/2020,Rivera (UY-RV ),0,0,0,3,1,54,57
29/06/2020,Rocha (UY-RO ),0,0,0,0,0,2,2
29/06/2020,Salto (UY-SA ),1,0,0,0,0,12,13
29/06/2020,San José (UY-SJ ),1,0,0,0,0,6,7
29/06/2020,Soriano (UY-SO ),0,0,0,0,0,1,1
29/06/2020,Tacuarembó (UY-TA ),1,0,0,0,1,1,2
29/06/2020,Treinta y Tres (UY-TT ),63,2,0,1,0,13,77
30/06/2020,Artigas (UY-AR ),0,0,0,0,0,3,3
30/06/2020,Canelones (UY-CA ),7,0,0,2,0,108,117
30/06/2020,Cerro Largo (UY-CL ),0,0,0,0,0,1,1
30/06/2020,Colonia (UY-CO ),0,0,0,0,0,13,13
30/06/2020,Durazno (UY-DU ),0,0,0,0,0,1,1
30/06/2020,Flores (UY-FS ),0,0,0,0,0,2,2
30/06/2020,Florida (UY-FD ),0,0,0,0,0,0,0
30/06/2020,Lavalleja (UY-LA ),0,0,0,0,0,4,4
30/06/2020,Maldonado (UY-MA ),0,0,0,4,0,36,40
30/06/2020,Montevideo (UY-MO ),9,1,0,17,1,555,581
30/06/2020,Paysandú (UY-PA ),1,0,0,0,0,1,2
30/06/2020,Río Negro (UY-RN ),0,0,0,0,0,10,10
30/06/2020,Rivera (UY-RV ),0,0,0,3,0,54,57
30/06/2020,Rocha (UY-RO ),0,0,0,0,0,2,2
30/06/2020,Salto (UY-SA ),1,0,0,0,0,12,13
30/06/2020,San José (UY-SJ ),0,0,0,0,1,7,7
30/06/2020,Soriano (UY-SO ),0,0,0,0,0,1,1
30/06/2020,Tacuarembó (UY-TA ),1,0,0,0,0,1,2
30/06/2020,Treinta y Tres (UY-TT ),66,3,0,1,0,13,80
01/07/2020,Artigas (UY-AR ),0,0,0,0,0,3,3
01/07/2020,Canelones (UY-CA ),7,0,0,2,0,108,117
01/07/2020,Cerro Largo (UY-CL ),0,0,0,0,0,1,1
01/07/2020,Colonia (UY-CO ),0,0,0,0,0,13,13
01/07/2020,Durazno (UY-DU ),0,0,0,0,0,1,1
01/07/2020,Flores (UY-FS ),0,0,0,0,0,2,2
01/07/2020,Florida (UY-FD ),0,0,0,0,0,0,0
01/07/2020,Lavalleja (UY-LA ),0,0,0,0,0,4,4
01/07/2020,Maldonado (UY-MA ),2,2,0,4,0,36,42
01/07/2020,Montevideo (UY-MO ),10,1,0,17,0,555,582
01/07/2020,Paysandú (UY-PA ),1,0,0,0,0,1,2
01/07/2020,Río Negro (UY-RN ),0,0,0,0,0,10,10
01/07/2020,Rivera (UY-RV ),0,0,0,3,0,54,57
01/07/2020,Rocha (UY-RO ),0,0,0,0,0,2,2
01/07/2020,Salto (UY-SA ),0,0,1,1,0,12,13
01/07/2020,San José (UY-SJ ),0,0,0,0,0,7,7
01/07/2020,Soriano (UY-SO ),0,0,0,0,0,1,1
01/07/2020,Tacuarembó (UY-TA ),1,0,0,0,0,1,2
01/07/2020,Treinta y Tres (UY-TT ),69,4,0,1,1,14,84
02/07/2020,Artigas (UY-AR ),0,0,0,0,0,3,3
02/07/2020,Canelones (UY-CA ),7,0,0,2,0,108,117
02/07/2020,Cerro Largo (UY-CL ),0,0,0,0,0,1,1
02/07/2020,Colonia (UY-CO ),0,0,0,0,0,13,13
02/07/2020,Durazno (UY-DU ),0,0,0,0,0,1,1
02/07/2020,Flores (UY-FS ),0,0,0,0,0,2,2
02/07/2020,Florida (UY-FD ),0,0,0,0,0,0,0
02/07/2020,Lavalleja (UY-LA ),0,0,0,0,0,4,4
02/07/2020,Maldonado (UY-MA ),2,0,0,4,0,36,42
02/07/2020,Montevideo (UY-MO ),11,1,0,17,0,555,583
02/07/2020,Paysandú (UY-PA ),1,0,0,0,0,1,2
02/07/2020,Río Negro (UY-RN ),0,0,0,0,0,10,10
02/07/2020,Rivera (UY-RV ),0,0,0,3,0,54,57
02/07/2020,Rocha (UY-RO ),0,0,0,0,0,2,2
02/07/2020,Salto (UY-SA ),0,0,0,1,0,12,13
02/07/2020,San José (UY-SJ ),0,0,0,0,0,7,7
02/07/2020,Soriano (UY-SO ),0,0,0,0,0,1,1
02/07/2020,Tacuarembó (UY-TA ),1,0,0,0,0,1,2
02/07/2020,Treinta y Tres (UY-TT ),72,3,0,1,0,14,87
03/07/2020,Artigas (UY-AR ),0,0,0,0,0,3,3
03/07/2020,Canelones (UY-CA ),4,0,0,2,3,111,117
03/07/2020,Cerro Largo (UY-CL ),0,0,0,0,0,1,1
03/07/2020,Colonia (UY-CO ),0,0,0,0,0,13,13
03/07/2020,Durazno (UY-DU ),0,0,0,0,0,1,1
03/07/2020,Flores (UY-FS ),0,0,0,0,0,2,2
03/07/2020,Florida (UY-FD ),0,0,0,0,0,0,0
03/07/2020,Lavalleja (UY-LA ),0,0,0,0,0,4,4
03/07/2020,Maldonado (UY-MA ),2,0,0,4,0,36,42
03/07/2020,Montevideo (UY-MO ),12,1,0,17,0,555,584
03/07/2020,Paysandú (UY-PA ),1,0,0,0,0,1,2
03/07/2020,Río Negro (UY-RN ),0,0,0,0,0,10,10
03/07/2020,Rivera (UY-RV ),0,0,0,3,0,54,57
03/07/2020,Rocha (UY-RO ),0,0,0,0,0,2,2
03/07/2020,Salto (UY-SA ),0,0,0,1,0,12,13
03/07/2020,San José (UY-SJ ),0,0,0,0,0,7,7
03/07/2020,Soriano (UY-SO ),0,0,0,0,0,1,1
03/07/2020,Tacuarembó (UY-TA ),1,0,0,0,0,1,2
03/07/2020,Treinta y Tres (UY-TT ),67,4,0,1,9,23,91
04/07/2020,Artigas (UY-AR ),0,0,0,0,0,3,3
04/07/2020,Canelones (UY-CA ),5,2,0,2,1,112,119
04/07/2020,Cerro Largo (UY-CL ),0,0,0,0,0,1,1
04/07/2020,Colonia (UY-CO ),0,0,0,0,0,13,13
04/07/2020,Durazno (UY-DU ),0,0,0,0,0,1,1
04/07/2020,Flores (UY-FS ),0,0,0,0,0,2,2
04/07/2020,Florida (UY-FD ),0,0,0,0,0,0,0
04/07/2020,Lavalleja (UY-LA ),0,0,0,0,0,4,4
04/07/2020,Maldonado (UY-MA ),2,0,0,4,0,36,42
04/07/2020,Montevideo (UY-MO ),12,0,0,17,0,555,584
04/07/2020,Paysandú (UY-PA ),1,0,0,0,0,1,2
04/07/2020,Río Negro (UY-RN ),0,0,0,0,0,10,10
04/07/2020,Rivera (UY-RV ),0,0,0,3,0,54,57
04/07/2020,Rocha (UY-RO ),0,0,0,0,0,2,2
04/07/2020,Salto (UY-SA ),0,0,0,1,0,12,13
04/07/2020,San José (UY-SJ ),0,0,0,0,0,7,7
04/07/2020,Soriano (UY-SO ),0,0,0,0,0,1,1
04/07/2020,Tacuarembó (UY-TA ),1,0,0,0,0,1,2
04/07/2020,Treinta y Tres (UY-TT ),66,1,0,1,2,25,92
05/07/2020,Artigas (UY-AR ),0,0,0,0,0,3,3
05/07/2020,Canelones (UY-CA ),5,0,0,2,0,112,119
05/07/2020,Cerro Largo (UY-CL ),0,0,0,0,0,1,1
05/07/2020,Colonia (UY-CO ),0,0,0,0,0,13,13
05/07/2020,Durazno (UY-DU ),0,0,0,0,0,1,1
05/07/2020,Flores (UY-FS ),0,0,0,0,0,2,2
05/07/2020,Florida (UY-FD ),0,0,0,0,0,0,0
05/07/2020,Lavalleja (UY-LA ),0,0,0,0,0,4,4
05/07/2020,Maldonado (UY-MA ),2,0,0,4,0,36,42
05/07/2020,Montevideo (UY-MO ),10,0,0,17,2,557,584
05/07/2020,Paysandú (UY-PA ),1,0,0,0,0,1,2
05/07/2020,Río Negro (UY-RN ),0,0,0,0,0,10,10
05/07/2020,Rivera (UY-RV ),0,0,0,3,0,54,57
05/07/2020,Rocha (UY-RO ),0,0,0,0,0,2,2
05/07/2020,Salto (UY-SA ),0,0,0,1,0,12,13
05/07/2020,San José (UY-SJ ),0,0,0,0,0,7,7
05/07/2020,Soriano (UY-SO ),0,0,0,0,0,1,1
05/07/2020,Tacuarembó (UY-TA ),0,0,0,0,1,2,2
05/07/2020,Treinta y Tres (UY-TT ),61,1,0,1,6,31,93
06/07/2020,Artigas (UY-AR ),0,0,0,0,0,3,3
06/07/2020,Canelones (UY-CA ),5,0,0,2,0,112,119
06/07/2020,Cerro Largo (UY-CL ),0,0,0,0,0,1,1
06/07/2020,Colonia (UY-CO ),0,0,0,0,0,13,13
06/07/2020,Durazno (UY-DU ),0,0,0,0,0,1,1
06/07/2020,Flores (UY-FS ),0,0,0,0,0,2,2
06/07/2020,Florida (UY-FD ),0,0,0,0,0,0,0
06/07/2020,Lavalleja (UY-LA ),0,0,0,0,0,4,4
06/07/2020,Maldonado (UY-MA ),2,0,0,4,0,36,42
06/07/2020,Montevideo (UY-MO ),9,0,1,18,0,557,584
06/07/2020,Paysandú (UY-PA ),1,0,0,0,0,1,2
06/07/2020,Río Negro (UY-RN ),0,0,0,0,0,10,10
06/07/2020,Rivera (UY-RV ),0,0,0,3,0,54,57
06/07/2020,Rocha (UY-RO ),0,0,0,0,0,2,2
06/07/2020,Salto (UY-SA ),0,0,0,1,0,12,13
06/07/2020,San José (UY-SJ ),0,0,0,0,0,7,7
06/07/2020,Soriano (UY-SO ),0,0,0,0,0,1,1
06/07/2020,Tacuarembó (UY-TA ),0,0,0,0,0,2,2
06/07/2020,Treinta y Tres (UY-TT ),56,4,0,1,9,40,97
07/07/2020,Artigas (UY-AR ),0,0,0,0,0,3,3
07/07/2020,Canelones (UY-CA ),4,0,0,2,1,113,119
07/07/2020,Cerro Largo (UY-CL ),0,0,0,0,0,1,1
07/07/2020,Colonia (UY-CO ),0,0,0,0,0,13,13
07/07/2020,Durazno (UY-DU ),0,0,0,0,0,1,1
07/07/2020,Flores (UY-FS ),0,0,0,0,0,2,2
07/07/2020,Florida (UY-FD ),0,0,0,0,0,0,0
07/07/2020,Lavalleja (UY-LA ),0,0,0,0,0,4,4
07/07/2020,Maldonado (UY-MA ),2,0,0,4,0,36,42
07/07/2020,Montevideo (UY-MO ),10,1,0,18,0,557,585
07/07/2020,Paysandú (UY-PA ),1,0,0,0,0,1,2
07/07/2020,Río Negro (UY-RN ),0,0,0,0,0,10,10
07/07/2020,Rivera (UY-RV ),0,0,0,3,0,54,57
07/07/2020,Rocha (UY-RO ),0,0,0,0,0,2,2
07/07/2020,Salto (UY-SA ),0,0,0,1,0,12,13
07/07/2020,San José (UY-SJ ),0,0,0,0,0,7,7
07/07/2020,Soriano (UY-SO ),1,1,0,0,0,1,2
07/07/2020,Tacuarembó (UY-TA ),2,2,0,0,0,2,4
07/07/2020,Treinta y Tres (UY-TT ),51,1,0,1,6,46,98
08/07/2020,Artigas (UY-AR ),1,1,0,0,0,3,4
08/07/2020,Canelones (UY-CA ),4,0,0,2,0,113,119
08/07/2020,Cerro Largo (UY-CL ),1,1,0,0,0,1,2
08/07/2020,Colonia (UY-CO ),0,0,0,0,0,13,13
08/07/2020,Durazno (UY-DU ),0,0,0,0,0,1,1
08/07/2020,Flores (UY-FS ),0,0,0,0,0,2,2
08/07/2020,Florida (UY-FD ),0,0,0,0,0,0,0
08/07/2020,Lavalleja (UY-LA ),0,0,0,0,0,4,4
08/07/2020,Maldonado (UY-MA ),3,1,0,4,0,36,43
08/07/2020,Montevideo (UY-MO ),14,5,0,18,1,558,590
08/07/2020,Paysandú (UY-PA ),1,0,0,0,0,1,2
08/07/2020,Río Negro (UY-RN ),0,0,0,0,0,10,10
08/07/2020,Rivera (UY-RV ),0,0,0,3,0,54,57
08/07/2020,Rocha (UY-RO ),0,0,0,0,0,2,2
08/07/2020,Salto (UY-SA ),0,0,0,1,0,12,13
08/07/2020,San José (UY-SJ ),0,0,0,0,0,7,7
08/07/2020,Soriano (UY-SO ),1,0,0,0,0,1,2
08/07/2020,Tacuarembó (UY-TA ),2,0,0,0,0,2,4
08/07/2020,Treinta y Tres (UY-TT ),47,1,0,1,5,51,99
09/07/2020,Artigas (UY-AR ),3,2,0,0,0,3,6
09/07/2020,Canelones (UY-CA ),4,1,0,2,1,114,120
09/07/2020,Cerro Largo (UY-CL ),1,0,0,0,0,1,2
09/07/2020,Colonia (UY-CO ),0,0,0,0,0,13,13
09/07/2020,Durazno (UY-DU ),0,0,0,0,0,1,1
09/07/2020,Flores (UY-FS ),0,0,0,0,0,2,2
09/07/2020,Florida (UY-FD ),0,0,0,0,0,0,0
09/07/2020,Lavalleja (UY-LA ),0,0,0,0,0,4,4
09/07/2020,Maldonado (UY-MA ),3,0,0,4,0,36,43
09/07/2020,Montevideo (UY-MO ),14,0,0,18,0,558,590
09/07/2020,Paysandú (UY-PA ),1,0,0,0,0,1,2
09/07/2020,Río Negro (UY-RN ),0,0,0,0,0,10,10
09/07/2020,Rivera (UY-RV ),0,0,0,3,0,54,57
09/07/2020,Rocha (UY-RO ),0,0,0,0,0,2,2
09/07/2020,Salto (UY-SA ),0,0,0,1,0,12,13
09/07/2020,San José (UY-SJ ),0,0,0,0,0,7,7
09/07/2020,Soriano (UY-SO ),1,0,0,0,0,1,2
09/07/2020,Tacuarembó (UY-TA ),2,0,0,0,0,2,4
09/07/2020,Treinta y Tres (UY-TT ),41,0,0,1,6,57,99
10/07/2020,Artigas (UY-AR ),3,0,0,0,0,3,6
10/07/2020,Canelones (UY-CA ),3,0,0,2,1,115,120
10/07/2020,Cerro Largo (UY-CL ),5,4,0,0,0,1,6
10/07/2020,Colonia (UY-CO ),0,0,0,0,0,13,13
10/07/2020,Durazno (UY-DU ),0,0,0,0,0,1,1
10/07/2020,Flores (UY-FS ),0,0,0,0,0,2,2
10/07/2020,Florida (UY-FD ),0,0,0,0,0,0,0
10/07/2020,Lavalleja (UY-LA ),0,0,0,0,0,4,4
10/07/2020,Maldonado (UY-MA ),3,0,0,4,0,36,43
10/07/2020,Montevideo (UY-MO ),14,2,0,18,2,560,592
10/07/2020,Paysandú (UY-PA ),1,0,0,0,0,1,2
10/07/2020,Río Negro (UY-RN ),0,0,0,0,0,10,10
10/07/2020,Rivera (UY-RV ),1,1,0,3,0,54,58
10/07/2020,Rocha (UY-RO ),0,0,0,0,0,2,2
10/07/2020,Salto (UY-SA ),0,0,0,1,0,12,13
10/07/2020,San José (UY-SJ ),0,0,0,0,0,7,7
10/07/2020,Soriano (UY-SO ),1,0,0,0,0,1,2
10/07/2020,Tacuarembó (UY-TA ),3,1,0,0,0,2,5
10/07/2020,Treinta y Tres (UY-TT ),36,0,0,1,5,62,99
11/07/2020,Artigas (UY-AR ),3,0,0,0,0,3,6
11/07/2020,Canelones (UY-CA ),3,0,0,2,0,115,120
11/07/2020,Cerro Largo (UY-CL ),4,0,1,1,0,1,6
11/07/2020,Colonia (UY-CO ),0,0,0,0,0,13,13
11/07/2020,Durazno (UY-DU ),0,0,0,0,0,1,1
11/07/2020,Flores (UY-FS ),0,0,0,0,0,2,2
11/07/2020,Florida (UY-FD ),0,0,0,0,0,0,0
11/07/2020,Lavalleja (UY-LA ),0,0,0,0,0,4,4
11/07/2020,Maldonado (UY-MA ),3,0,0,4,0,36,43
11/07/2020,Montevideo (UY-MO ),14,1,0,18,1,561,593
11/07/2020,Paysandú (UY-PA ),1,0,0,0,0,1,2
11/07/2020,Río Negro (UY-RN ),0,0,0,0,0,10,10
11/07/2020,Rivera (UY-RV ),1,0,0,3,0,54,58
11/07/2020,Rocha (UY-RO ),0,0,0,0,0,2,2
11/07/2020,Salto (UY-SA ),0,0,0,1,0,12,13
11/07/2020,San José (UY-SJ ),0,0,0,0,0,7,7
11/07/2020,Soriano (UY-SO ),1,0,0,0,0,1,2
11/07/2020,Tacuarembó (UY-TA ),3,0,0,0,0,2,5
11/07/2020,Treinta y Tres (UY-TT ),27,0,0,1,9,71,99
12/07/2020,Artigas (UY-AR ),3,0,0,0,0,3,6
12/07/2020,Canelones (UY-CA ),3,0,0,2,0,115,120
12/07/2020,Cerro Largo (UY-CL ),4,0,0,1,0,1,6
12/07/2020,Colonia (UY-CO ),0,0,0,0,0,13,13
12/07/2020,Durazno (UY-DU ),0,0,0,0,0,1,1
12/07/2020,Flores (UY-FS ),0,0,0,0,0,2,2
12/07/2020,Florida (UY-FD ),0,0,0,0,0,0,0
12/07/2020,Lavalleja (UY-LA ),0,0,0,0,0,4,4
12/07/2020,Maldonado (UY-MA ),3,0,0,4,0,36,43
12/07/2020,Montevideo (UY-MO ),15,1,0,18,0,561,594
12/07/2020,Paysandú (UY-PA ),1,0,0,0,0,1,2
12/07/2020,Río Negro (UY-RN ),0,0,0,0,0,10,10
12/07/2020,Rivera (UY-RV ),1,0,0,3,0,54,58
12/07/2020,Rocha (UY-RO ),0,0,0,0,0,2,2
12/07/2020,Salto (UY-SA ),0,0,0,1,0,12,13
12/07/2020,San José (UY-SJ ),0,0,0,0,0,7,7
12/07/2020,Soriano (UY-SO ),0,0,1,1,0,1,2
12/07/2020,Tacuarembó (UY-TA ),3,0,0,0,0,2,5
12/07/2020,Treinta y Tres (UY-TT ),27,0,0,1,0,71,99
13/07/2020,Artigas (UY-AR ),3,0,0,0,0,3,6
13/07/2020,Canelones (UY-CA ),4,1,0,2,0,115,121
13/07/2020,Cerro Largo (UY-CL ),4,0,0,1,0,1,6
13/07/2020,Colonia (UY-CO ),0,0,0,0,0,13,13
13/07/2020,Durazno (UY-DU ),0,0,0,0,0,1,1
13/07/2020,Flores (UY-FS ),0,0,0,0,0,2,2
13/07/2020,Florida (UY-FD ),0,0,0,0,0,0,0
13/07/2020,Lavalleja (UY-LA ),0,0,0,0,0,4,4
13/07/2020,Maldonado (UY-MA ),4,1,0,4,0,36,44
13/07/2020,Montevideo (UY-MO ),14,0,0,18,1,562,594
13/07/2020,Paysandú (UY-PA ),1,0,0,0,0,1,2
13/07/2020,Río Negro (UY-RN ),0,0,0,0,0,10,10
13/07/2020,Rivera (UY-RV ),1,0,0,3,0,54,58
13/07/2020,Rocha (UY-RO ),0,0,0,0,0,2,2
13/07/2020,Salto (UY-SA ),0,0,0,1,0,12,13
13/07/2020,San José (UY-SJ ),0,0,0,0,0,7,7
13/07/2020,Soriano (UY-SO ),0,0,0,1,0,1,2
13/07/2020,Tacuarembó (UY-TA ),3,0,0,0,0,2,5
13/07/2020,Treinta y Tres (UY-TT ),21,0,0,1,6,77,99
14/07/2020,Artigas (UY-AR ),3,0,0,0,0,3,6
14/07/2020,Canelones (UY-CA ),4,0,0,2,0,115,121
14/07/2020,Cerro Largo (UY-CL ),4,0,0,1,0,1,6
14/07/2020,Colonia (UY-CO ),0,0,0,0,0,13,13
14/07/2020,Durazno (UY-DU ),0,0,0,0,0,1,1
14/07/2020,Flores (UY-FS ),0,0,0,0,0,2,2
14/07/2020,Florida (UY-FD ),0,0,0,0,0,0,0
14/07/2020,Lavalleja (UY-LA ),0,0,0,0,0,4,4
14/07/2020,Maldonado (UY-MA ),4,0,0,4,0,36,44
14/07/2020,Montevideo (UY-MO ),22,8,0,18,0,562,602
14/07/2020,Paysandú (UY-PA ),0,0,0,0,1,2,2
14/07/2020,Río Negro (UY-RN ),0,0,0,0,0,10,10
14/07/2020,Rivera (UY-RV ),1,0,0,3,0,54,58
14/07/2020,Rocha (UY-RO ),0,0,0,0,0,2,2
14/07/2020,Salto (UY-SA ),0,0,0,1,0,12,13
14/07/2020,San José (UY-SJ ),0,0,0,0,0,7,7
14/07/2020,Soriano (UY-SO ),0,0,0,1,0,1,2
14/07/2020,Tacuarembó (UY-TA ),3,0,0,0,0,2,5
14/07/2020,Treinta y Tres (UY-TT ),20,0,0,1,1,78,99
15/07/2020,Artigas (UY-AR ),3,0,0,0,0,3,6
15/07/2020,Canelones (UY-CA ),6,2,0,2,0,115,123
15/07/2020,Cerro Largo (UY-CL ),5,1,0,1,0,1,7
15/07/2020,Colonia (UY-CO ),0,0,0,0,0,13,13
15/07/2020,Durazno (UY-DU ),0,0,0,0,0,1,1
15/07/2020,Flores (UY-FS ),0,0,0,0,0,2,2
15/07/2020,Florida (UY-FD ),0,0,0,0,0,0,0
15/07/2020,Lavalleja (UY-LA ),0,0,0,0,0,4,4
15/07/2020,Maldonado (UY-MA ),4,0,0,4,0,36,44
15/07/2020,Montevideo (UY-MO ),31,9,0,18,0,562,611
15/07/2020,Paysandú (UY-PA ),0,0,0,0,0,2,2
15/07/2020,Río Negro (UY-RN ),0,0,0,0,0,10,10
15/07/2020,Rivera (UY-RV ),0,0,0,3,0,54,57
15/07/2020,Rocha (UY-RO ),1,1,0,0,0,2,3
15/07/2020,Salto (UY-SA ),0,0,0,1,0,12,13
15/07/2020,San José (UY-SJ ),0,0,0,0,0,7,7
15/07/2020,Soriano (UY-SO ),0,0,0,1,0,1,2
15/07/2020,Tacuarembó (UY-TA ),3,0,0,0,0,2,5
15/07/2020,Treinta y Tres (UY-TT ),16,0,0,1,4,82,99
