country_region_code,country_region,sub_region_1,sub_region_2,metro_area,iso_3166_2_code,census_fips_code,place_id,date,retail_and_recreation_percent_change_from_baseline,grocery_and_pharmacy_percent_change_from_baseline,parks_percent_change_from_baseline,transit_stations_percent_change_from_baseline,workplaces_percent_change_from_baseline,residential_percent_change_from_baseline
UY,Uruguay,,,,,,ChIJCd5f-zoHdZURSlIWYGGWVUo,2020-02-15,2,-3,0,0,2,-1
UY,Uruguay,,,,,,ChIJCd5f-zoHdZURSlIWYGGWVUo,2020-02-16,-7,-5,-9,-5,-3,1
UY,Uruguay,,,,,,ChIJCd5f-zoHdZURSlIWYGGWVUo,2020-02-17,-5,-6,-21,-4,7,1
UY,Uruguay,,,,,,ChIJCd5f-zoHdZURSlIWYGGWVUo,2020-02-18,-4,-3,-16,-4,7,1
UY,Uruguay,,,,,,ChIJCd5f-zoHdZURSlIWYGGWVUo,2020-02-19,3,0,-4,2,7,-1
UY,Uruguay,,,,,,ChIJCd5f-zoHdZURSlIWYGGWVUo,2020-02-20,-1,-3,-14,0,6,0
UY,Uruguay,,,,,,ChIJCd5f-zoHdZURSlIWYGGWVUo,2020-02-21,-2,-1,-27,-4,7,0
UY,Uruguay,,,,,,ChIJCd5f-zoHdZURSlIWYGGWVUo,2020-02-22,2,0,-11,-3,1,0
UY,Uruguay,,,,,,ChIJCd5f-zoHdZURSlIWYGGWVUo,2020-02-23,5,1,0,-6,0,2
UY,Uruguay,,,,,,ChIJCd5f-zoHdZURSlIWYGGWVUo,2020-02-24,-8,-7,29,-10,-36,6
UY,Uruguay,,,,,,ChIJCd5f-zoHdZURSlIWYGGWVUo,2020-02-25,-20,-12,-7,-14,-36,5
UY,Uruguay,,,,,,ChIJCd5f-zoHdZURSlIWYGGWVUo,2020-02-26,-3,0,-9,0,3,0
UY,Uruguay,,,,,,ChIJCd5f-zoHdZURSlIWYGGWVUo,2020-02-27,-5,-6,-3,-1,4,1
UY,Uruguay,,,,,,ChIJCd5f-zoHdZURSlIWYGGWVUo,2020-02-28,-2,-2,-12,-3,5,0
UY,Uruguay,,,,,,ChIJCd5f-zoHdZURSlIWYGGWVUo,2020-02-29,1,0,-10,-6,2,1
UY,Uruguay,,,,,,ChIJCd5f-zoHdZURSlIWYGGWVUo,2020-03-01,-11,-5,-17,-15,-7,4
UY,Uruguay,,,,,,ChIJCd5f-zoHdZURSlIWYGGWVUo,2020-03-02,4,6,-14,1,15,0
UY,Uruguay,,,,,,ChIJCd5f-zoHdZURSlIWYGGWVUo,2020-03-03,3,11,-12,4,19,-1
UY,Uruguay,,,,,,ChIJCd5f-zoHdZURSlIWYGGWVUo,2020-03-04,5,12,-14,6,20,-2
UY,Uruguay,,,,,,ChIJCd5f-zoHdZURSlIWYGGWVUo,2020-03-05,1,4,-14,5,21,-2
UY,Uruguay,,,,,,ChIJCd5f-zoHdZURSlIWYGGWVUo,2020-03-06,5,6,-17,6,23,-3
UY,Uruguay,,,,,,ChIJCd5f-zoHdZURSlIWYGGWVUo,2020-03-07,7,3,-13,-4,5,1
UY,Uruguay,,,,,,ChIJCd5f-zoHdZURSlIWYGGWVUo,2020-03-08,2,3,-13,-10,-2,3
UY,Uruguay,,,,,,ChIJCd5f-zoHdZURSlIWYGGWVUo,2020-03-09,2,4,-25,6,24,-2
UY,Uruguay,,,,,,ChIJCd5f-zoHdZURSlIWYGGWVUo,2020-03-10,-1,3,-22,4,24,-2
UY,Uruguay,,,,,,ChIJCd5f-zoHdZURSlIWYGGWVUo,2020-03-11,-3,1,-32,2,22,-2
UY,Uruguay,,,,,,ChIJCd5f-zoHdZURSlIWYGGWVUo,2020-03-12,-5,0,-22,1,21,-1
UY,Uruguay,,,,,,ChIJCd5f-zoHdZURSlIWYGGWVUo,2020-03-13,-5,9,-25,1,23,-2
UY,Uruguay,,,,,,ChIJCd5f-zoHdZURSlIWYGGWVUo,2020-03-14,-30,-2,-57,-32,-3,9
UY,Uruguay,,,,,,ChIJCd5f-zoHdZURSlIWYGGWVUo,2020-03-15,-39,-6,-59,-40,-12,13
UY,Uruguay,,,,,,ChIJCd5f-zoHdZURSlIWYGGWVUo,2020-03-16,-30,-9,-45,-27,-1,8
UY,Uruguay,,,,,,ChIJCd5f-zoHdZURSlIWYGGWVUo,2020-03-17,-44,-19,-58,-37,-12,12
UY,Uruguay,,,,,,ChIJCd5f-zoHdZURSlIWYGGWVUo,2020-03-18,-53,-17,-67,-47,-24,16
UY,Uruguay,,,,,,ChIJCd5f-zoHdZURSlIWYGGWVUo,2020-03-19,-56,-23,-67,-49,-27,17
UY,Uruguay,,,,,,ChIJCd5f-zoHdZURSlIWYGGWVUo,2020-03-20,-54,-21,-63,-46,-28,18
UY,Uruguay,,,,,,ChIJCd5f-zoHdZURSlIWYGGWVUo,2020-03-21,-62,-30,-68,-56,-27,18
UY,Uruguay,,,,,,ChIJCd5f-zoHdZURSlIWYGGWVUo,2020-03-22,-74,-42,-78,-68,-33,21
UY,Uruguay,,,,,,ChIJCd5f-zoHdZURSlIWYGGWVUo,2020-03-23,-57,-30,-68,-53,-33,19
UY,Uruguay,,,,,,ChIJCd5f-zoHdZURSlIWYGGWVUo,2020-03-24,-62,-39,-69,-56,-38,19
UY,Uruguay,,,,,,ChIJCd5f-zoHdZURSlIWYGGWVUo,2020-03-25,-62,-37,-71,-57,-40,20
UY,Uruguay,,,,,,ChIJCd5f-zoHdZURSlIWYGGWVUo,2020-03-26,-65,-41,-70,-58,-41,21
UY,Uruguay,,,,,,ChIJCd5f-zoHdZURSlIWYGGWVUo,2020-03-27,-63,-38,-71,-58,-39,22
UY,Uruguay,,,,,,ChIJCd5f-zoHdZURSlIWYGGWVUo,2020-03-28,-68,-41,-76,-64,-34,20
UY,Uruguay,,,,,,ChIJCd5f-zoHdZURSlIWYGGWVUo,2020-03-29,-75,-45,-79,-71,-35,22
UY,Uruguay,,,,,,ChIJCd5f-zoHdZURSlIWYGGWVUo,2020-03-30,-60,-37,-69,-57,-39,20
UY,Uruguay,,,,,,ChIJCd5f-zoHdZURSlIWYGGWVUo,2020-03-31,-62,-35,-72,-59,-41,20
UY,Uruguay,,,,,,ChIJCd5f-zoHdZURSlIWYGGWVUo,2020-04-01,-62,-33,-73,-60,-43,21
UY,Uruguay,,,,,,ChIJCd5f-zoHdZURSlIWYGGWVUo,2020-04-02,-57,-26,-70,-55,-42,20
UY,Uruguay,,,,,,ChIJCd5f-zoHdZURSlIWYGGWVUo,2020-04-03,-53,-20,-66,-52,-39,21
UY,Uruguay,,,,,,ChIJCd5f-zoHdZURSlIWYGGWVUo,2020-04-04,-58,-24,-71,-57,-32,19
UY,Uruguay,,,,,,ChIJCd5f-zoHdZURSlIWYGGWVUo,2020-04-05,-71,-36,-79,-68,-35,21
UY,Uruguay,,,,,,ChIJCd5f-zoHdZURSlIWYGGWVUo,2020-04-06,-55,-26,-69,-55,-48,21
UY,Uruguay,,,,,,ChIJCd5f-zoHdZURSlIWYGGWVUo,2020-04-07,-56,-25,-70,-55,-50,21
UY,Uruguay,,,,,,ChIJCd5f-zoHdZURSlIWYGGWVUo,2020-04-08,-55,-22,-70,-54,-50,20
UY,Uruguay,,,,,,ChIJCd5f-zoHdZURSlIWYGGWVUo,2020-04-09,-63,-26,-71,-60,-58,23
UY,Uruguay,,,,,,ChIJCd5f-zoHdZURSlIWYGGWVUo,2020-04-10,-76,-42,-77,-70,-67,28
UY,Uruguay,,,,,,ChIJCd5f-zoHdZURSlIWYGGWVUo,2020-04-11,-68,-29,-75,-63,-43,20
UY,Uruguay,,,,,,ChIJCd5f-zoHdZURSlIWYGGWVUo,2020-04-12,-71,-32,-79,-66,-32,20
UY,Uruguay,,,,,,ChIJCd5f-zoHdZURSlIWYGGWVUo,2020-04-13,-47,-26,-66,-49,-34,18
UY,Uruguay,,,,,,ChIJCd5f-zoHdZURSlIWYGGWVUo,2020-04-14,-60,-37,-74,-60,-39,20
UY,Uruguay,,,,,,ChIJCd5f-zoHdZURSlIWYGGWVUo,2020-04-15,-52,-25,-69,-51,-36,18
UY,Uruguay,,,,,,ChIJCd5f-zoHdZURSlIWYGGWVUo,2020-04-16,-53,-28,-65,-49,-34,18
UY,Uruguay,,,,,,ChIJCd5f-zoHdZURSlIWYGGWVUo,2020-04-17,-52,-26,-66,-49,-32,19
UY,Uruguay,,,,,,ChIJCd5f-zoHdZURSlIWYGGWVUo,2020-04-18,-56,-29,-67,-56,-25,16
UY,Uruguay,,,,,,ChIJCd5f-zoHdZURSlIWYGGWVUo,2020-04-19,-66,-36,-71,-64,-28,18
UY,Uruguay,,,,,,ChIJCd5f-zoHdZURSlIWYGGWVUo,2020-04-20,-48,-31,-60,-49,-29,16
UY,Uruguay,,,,,,ChIJCd5f-zoHdZURSlIWYGGWVUo,2020-04-21,-53,-33,-65,-50,-30,16
UY,Uruguay,,,,,,ChIJCd5f-zoHdZURSlIWYGGWVUo,2020-04-22,-52,-32,-64,-50,-31,16
UY,Uruguay,,,,,,ChIJCd5f-zoHdZURSlIWYGGWVUo,2020-04-23,-54,-35,-62,-50,-31,17
UY,Uruguay,,,,,,ChIJCd5f-zoHdZURSlIWYGGWVUo,2020-04-24,-55,-34,-68,-52,-30,18
UY,Uruguay,,,,,,ChIJCd5f-zoHdZURSlIWYGGWVUo,2020-04-25,-61,-37,-76,-60,-27,18
UY,Uruguay,,,,,,ChIJCd5f-zoHdZURSlIWYGGWVUo,2020-04-26,-66,-37,-73,-64,-28,19
UY,Uruguay,,,,,,ChIJCd5f-zoHdZURSlIWYGGWVUo,2020-04-27,-51,-35,-67,-50,-28,17
UY,Uruguay,,,,,,ChIJCd5f-zoHdZURSlIWYGGWVUo,2020-04-28,-63,-44,-75,-60,-34,16
UY,Uruguay,,,,,,ChIJCd5f-zoHdZURSlIWYGGWVUo,2020-04-29,-48,-23,-63,-46,-28,15
UY,Uruguay,,,,,,ChIJCd5f-zoHdZURSlIWYGGWVUo,2020-04-30,-43,-8,-59,-42,-28,13
UY,Uruguay,,,,,,ChIJCd5f-zoHdZURSlIWYGGWVUo,2020-05-01,-83,-75,-74,-78,-73,27
UY,Uruguay,,,,,,ChIJCd5f-zoHdZURSlIWYGGWVUo,2020-05-02,-48,-19,-62,-50,-25,15
UY,Uruguay,,,,,,ChIJCd5f-zoHdZURSlIWYGGWVUo,2020-05-03,-59,-30,-64,-58,-24,16
UY,Uruguay,,,,,,ChIJCd5f-zoHdZURSlIWYGGWVUo,2020-05-04,-44,-28,-63,-46,-24,15
UY,Uruguay,,,,,,ChIJCd5f-zoHdZURSlIWYGGWVUo,2020-05-05,-45,-24,-65,-47,-26,15
UY,Uruguay,,,,,,ChIJCd5f-zoHdZURSlIWYGGWVUo,2020-05-06,-41,-18,-62,-42,-25,15
UY,Uruguay,,,,,,ChIJCd5f-zoHdZURSlIWYGGWVUo,2020-05-07,-40,-20,-55,-39,-24,14
UY,Uruguay,,,,,,ChIJCd5f-zoHdZURSlIWYGGWVUo,2020-05-08,-36,-15,-55,-39,-21,15
UY,Uruguay,,,,,,ChIJCd5f-zoHdZURSlIWYGGWVUo,2020-05-09,-36,-10,-53,-39,-16,13
UY,Uruguay,,,,,,ChIJCd5f-zoHdZURSlIWYGGWVUo,2020-05-10,-48,-17,-56,-46,-13,13
UY,Uruguay,,,,,,ChIJCd5f-zoHdZURSlIWYGGWVUo,2020-05-11,-35,-21,-53,-38,-20,13
UY,Uruguay,,,,,,ChIJCd5f-zoHdZURSlIWYGGWVUo,2020-05-12,-39,-22,-53,-38,-21,13
UY,Uruguay,,,,,,ChIJCd5f-zoHdZURSlIWYGGWVUo,2020-05-13,-39,-20,-54,-38,-21,13
UY,Uruguay,,,,,,ChIJCd5f-zoHdZURSlIWYGGWVUo,2020-05-14,-41,-25,-54,-40,-21,12
UY,Uruguay,,,,,,ChIJCd5f-zoHdZURSlIWYGGWVUo,2020-05-15,-41,-22,-59,-41,-20,14
UY,Uruguay,,,,,,ChIJCd5f-zoHdZURSlIWYGGWVUo,2020-05-16,-38,-18,-47,-40,-14,12
UY,Uruguay,,,,,,ChIJCd5f-zoHdZURSlIWYGGWVUo,2020-05-17,-48,-24,-50,-49,-17,13
UY,Uruguay,,,,,,ChIJCd5f-zoHdZURSlIWYGGWVUo,2020-05-18,-40,-28,-47,-43,-34,15
UY,Uruguay,,,,,,ChIJCd5f-zoHdZURSlIWYGGWVUo,2020-05-19,-37,-23,-45,-37,-17,12
UY,Uruguay,,,,,,ChIJCd5f-zoHdZURSlIWYGGWVUo,2020-05-20,-37,-20,-46,-36,-19,12
UY,Uruguay,,,,,,ChIJCd5f-zoHdZURSlIWYGGWVUo,2020-05-21,-52,-35,-68,-49,-24,17
UY,Uruguay,,,,,,ChIJCd5f-zoHdZURSlIWYGGWVUo,2020-05-22,-50,-30,-69,-50,-22,17
UY,Uruguay,,,,,,ChIJCd5f-zoHdZURSlIWYGGWVUo,2020-05-23,-45,-21,-62,-47,-15,14
UY,Uruguay,,,,,,ChIJCd5f-zoHdZURSlIWYGGWVUo,2020-05-24,-54,-28,-63,-53,-19,15
UY,Uruguay,,,,,,ChIJCd5f-zoHdZURSlIWYGGWVUo,2020-05-25,-43,-30,-63,-45,-18,14
UY,Uruguay,,,,,,ChIJCd5f-zoHdZURSlIWYGGWVUo,2020-05-26,-44,-30,-60,-43,-15,13
UY,Uruguay,,,,,,ChIJCd5f-zoHdZURSlIWYGGWVUo,2020-05-27,-39,-23,-50,-38,-15,12
UY,Uruguay,,,,,,ChIJCd5f-zoHdZURSlIWYGGWVUo,2020-05-28,-41,-26,-48,-38,-16,13
UY,Uruguay,,,,,,ChIJCd5f-zoHdZURSlIWYGGWVUo,2020-05-29,-39,-21,-51,-38,-14,13
UY,Uruguay,,,,,,ChIJCd5f-zoHdZURSlIWYGGWVUo,2020-05-30,-39,-17,-51,-41,-11,11
UY,Uruguay,,,,,,ChIJCd5f-zoHdZURSlIWYGGWVUo,2020-05-31,-63,-32,-78,-63,-22,17
UY,Uruguay,,,,,,ChIJCd5f-zoHdZURSlIWYGGWVUo,2020-06-01,-38,-22,-58,-40,-12,13
UY,Uruguay,,,,,,ChIJCd5f-zoHdZURSlIWYGGWVUo,2020-06-02,-33,-15,-49,-34,-11,11
UY,Uruguay,,,,,,ChIJCd5f-zoHdZURSlIWYGGWVUo,2020-06-03,-31,-13,-49,-32,-12,11
UY,Uruguay,,,,,,ChIJCd5f-zoHdZURSlIWYGGWVUo,2020-06-04,-33,-16,-48,-32,-13,11
UY,Uruguay,,,,,,ChIJCd5f-zoHdZURSlIWYGGWVUo,2020-06-05,-35,-14,-59,-36,-13,12
UY,Uruguay,,,,,,ChIJCd5f-zoHdZURSlIWYGGWVUo,2020-06-06,-41,-17,-67,-47,-15,13
UY,Uruguay,,,,,,ChIJCd5f-zoHdZURSlIWYGGWVUo,2020-06-07,-53,-23,-71,-52,-16,15
UY,Uruguay,,,,,,ChIJCd5f-zoHdZURSlIWYGGWVUo,2020-06-08,-32,-19,-56,-36,-10,12
UY,Uruguay,,,,,,ChIJCd5f-zoHdZURSlIWYGGWVUo,2020-06-09,-32,-18,-53,-35,-10,11
UY,Uruguay,,,,,,ChIJCd5f-zoHdZURSlIWYGGWVUo,2020-06-10,-27,-13,-47,-30,-10,10
UY,Uruguay,,,,,,ChIJCd5f-zoHdZURSlIWYGGWVUo,2020-06-11,-32,-19,-52,-34,-12,11
UY,Uruguay,,,,,,ChIJCd5f-zoHdZURSlIWYGGWVUo,2020-06-12,-28,-13,-52,-33,-10,11
UY,Uruguay,,,,,,ChIJCd5f-zoHdZURSlIWYGGWVUo,2020-06-13,-29,-9,-59,-39,-9,11
UY,Uruguay,,,,,,ChIJCd5f-zoHdZURSlIWYGGWVUo,2020-06-14,-39,-15,-59,-44,-6,11
UY,Uruguay,,,,,,ChIJCd5f-zoHdZURSlIWYGGWVUo,2020-06-15,-28,-17,-53,-33,-9,10
UY,Uruguay,,,,,,ChIJCd5f-zoHdZURSlIWYGGWVUo,2020-06-16,-28,-15,-44,-31,-7,9
UY,Uruguay,,,,,,ChIJCd5f-zoHdZURSlIWYGGWVUo,2020-06-17,-26,-12,-45,-28,-8,9
UY,Uruguay,,,,,,ChIJCd5f-zoHdZURSlIWYGGWVUo,2020-06-18,-37,-23,-59,-40,-14,12
UY,Uruguay,,,,,,ChIJCd5f-zoHdZURSlIWYGGWVUo,2020-06-19,-32,-14,-58,-39,-28,12
UY,Uruguay,,,,,,ChIJCd5f-zoHdZURSlIWYGGWVUo,2020-06-20,-30,-12,-50,-37,-10,10
UY,Uruguay,,,,,,ChIJCd5f-zoHdZURSlIWYGGWVUo,2020-06-21,-50,-27,-72,-56,-17,14
UY,Uruguay,,,,,,ChIJCd5f-zoHdZURSlIWYGGWVUo,2020-06-22,-28,-16,-50,-31,-8,10
UY,Uruguay,,,,,,ChIJCd5f-zoHdZURSlIWYGGWVUo,2020-06-23,-38,-25,-60,-39,-12,12
UY,Uruguay,,,,,,ChIJCd5f-zoHdZURSlIWYGGWVUo,2020-06-24,-42,-26,-66,-44,-14,13
UY,Uruguay,,,,,,ChIJCd5f-zoHdZURSlIWYGGWVUo,2020-06-25,-34,-19,-55,-33,-9,11
UY,Uruguay,,,,,,ChIJCd5f-zoHdZURSlIWYGGWVUo,2020-06-26,-30,-16,-54,-32,-7,10
UY,Uruguay,,,,,,ChIJCd5f-zoHdZURSlIWYGGWVUo,2020-06-27,-32,-14,-56,-39,-10,10
UY,Uruguay,,,,,,ChIJCd5f-zoHdZURSlIWYGGWVUo,2020-06-28,-40,-19,-59,-46,-13,13
UY,Uruguay,,,,,,ChIJCd5f-zoHdZURSlIWYGGWVUo,2020-06-29,-29,-19,-54,-31,-5,10
UY,Uruguay,,,,,,ChIJCd5f-zoHdZURSlIWYGGWVUo,2020-06-30,-48,-35,-69,-49,-12,14
UY,Uruguay,,,,,,ChIJCd5f-zoHdZURSlIWYGGWVUo,2020-07-01,-32,-13,-58,-35,-9,10
UY,Uruguay,,,,,,ChIJCd5f-zoHdZURSlIWYGGWVUo,2020-07-02,-26,-9,-50,-28,-6,9
UY,Uruguay,,,,,,ChIJCd5f-zoHdZURSlIWYGGWVUo,2020-07-03,-22,-5,-50,-27,-4,9
UY,Uruguay,,,,,,ChIJCd5f-zoHdZURSlIWYGGWVUo,2020-07-04,-22,-4,-52,-33,-8,9
UY,Uruguay,,,,,,ChIJCd5f-zoHdZURSlIWYGGWVUo,2020-07-05,-33,-12,-59,-43,-14,12
UY,Uruguay,,,,,,ChIJCd5f-zoHdZURSlIWYGGWVUo,2020-07-06,-17,-8,-47,-24,-4,8
UY,Uruguay,,,,,,ChIJCd5f-zoHdZURSlIWYGGWVUo,2020-07-07,-24,-11,-51,-26,-6,8
UY,Uruguay,,,,,,ChIJCd5f-zoHdZURSlIWYGGWVUo,2020-07-08,-26,-13,-54,-28,-7,9
UY,Uruguay,,,,,,ChIJCd5f-zoHdZURSlIWYGGWVUo,2020-07-09,-22,-11,-46,-23,-5,8
UY,Uruguay,,,,,,ChIJCd5f-zoHdZURSlIWYGGWVUo,2020-07-10,-20,-7,-50,-26,-4,8
UY,Uruguay,,,,,,ChIJCd5f-zoHdZURSlIWYGGWVUo,2020-07-11,-16,0,-46,-28,-8,9
UY,Uruguay,,,,,,ChIJCd5f-zoHdZURSlIWYGGWVUo,2020-07-12,-37,-13,-66,-42,-8,11
UY,Uruguay,,,,,,ChIJCd5f-zoHdZURSlIWYGGWVUo,2020-07-13,-25,-15,-52,-28,-4,9
UY,Uruguay,,,,,,ChIJCd5f-zoHdZURSlIWYGGWVUo,2020-07-14,-29,-17,-51,-30,-5,9
UY,Uruguay,,,,,,ChIJCd5f-zoHdZURSlIWYGGWVUo,2020-07-15,-26,-13,-48,-28,-6,9
UY,Uruguay,,,,,,ChIJCd5f-zoHdZURSlIWYGGWVUo,2020-07-16,-31,-18,-53,-30,-6,9
UY,Uruguay,,,,,,ChIJCd5f-zoHdZURSlIWYGGWVUo,2020-07-17,-28,-12,-52,-34,-6,9
UY,Uruguay,,,,,,ChIJCd5f-zoHdZURSlIWYGGWVUo,2020-07-18,-44,-22,-54,-48,-35,14
UY,Uruguay,,,,,,ChIJCd5f-zoHdZURSlIWYGGWVUo,2020-07-19,-29,-14,-40,-39,-14,10
UY,Uruguay,,,,,,ChIJCd5f-zoHdZURSlIWYGGWVUo,2020-07-20,-21,-13,-38,-27,-11,8
UY,Uruguay,,,,,,ChIJCd5f-zoHdZURSlIWYGGWVUo,2020-07-21,-30,-18,-47,-33,-13,9
UY,Uruguay,,,,,,ChIJCd5f-zoHdZURSlIWYGGWVUo,2020-07-22,-35,-21,-57,-37,-14,11
UY,Uruguay,,,,,,ChIJCd5f-zoHdZURSlIWYGGWVUo,2020-07-23,-42,-29,-62,-42,-17,13
UY,Uruguay,,,,,,ChIJCd5f-zoHdZURSlIWYGGWVUo,2020-07-24,-35,-20,-60,-38,-14,12
UY,Uruguay,,,,,,ChIJCd5f-zoHdZURSlIWYGGWVUo,2020-07-25,-31,-14,-50,-37,-12,10
UY,Uruguay,,,,,,ChIJCd5f-zoHdZURSlIWYGGWVUo,2020-07-26,-37,-18,-49,-43,-15,12
UY,Uruguay,,,,,,ChIJCd5f-zoHdZURSlIWYGGWVUo,2020-07-27,-29,-21,-48,-33,-13,10
UY,Uruguay,,,,,,ChIJCd5f-zoHdZURSlIWYGGWVUo,2020-07-28,-33,-21,-50,-35,-14,10
UY,Uruguay,,,,,,ChIJCd5f-zoHdZURSlIWYGGWVUo,2020-07-29,-29,-18,-45,-32,-15,10
UY,Uruguay,,,,,,ChIJCd5f-zoHdZURSlIWYGGWVUo,2020-07-30,-31,-22,-43,-34,-15,10
UY,Uruguay,,,,,,ChIJCd5f-zoHdZURSlIWYGGWVUo,2020-07-31,-28,-16,-47,-33,-13,10
UY,Uruguay,,,,,,ChIJCd5f-zoHdZURSlIWYGGWVUo,2020-08-01,-22,-7,-35,-31,-10,8
UY,Uruguay,,,,,,ChIJCd5f-zoHdZURSlIWYGGWVUo,2020-08-02,-32,-13,-45,-42,-14,11
UY,Uruguay,,,,,,ChIJCd5f-zoHdZURSlIWYGGWVUo,2020-08-03,-20,-11,-33,-26,0,7
UY,Uruguay,,,,,,ChIJCd5f-zoHdZURSlIWYGGWVUo,2020-08-04,-17,-5,-25,-22,0,5
UY,Uruguay,,,,,,ChIJCd5f-zoHdZURSlIWYGGWVUo,2020-08-05,-16,-5,-27,-21,-1,5
UY,Uruguay,,,,,,ChIJCd5f-zoHdZURSlIWYGGWVUo,2020-08-06,-27,-14,-48,-28,-2,7
UY,Uruguay,,,,,,ChIJCd5f-zoHdZURSlIWYGGWVUo,2020-08-07,-30,-15,-58,-36,-4,9
UY,Uruguay,,,,,,ChIJCd5f-zoHdZURSlIWYGGWVUo,2020-08-08,-19,-4,-46,-32,-9,8
UY,Uruguay,,,,,,ChIJCd5f-zoHdZURSlIWYGGWVUo,2020-08-09,-37,-16,-59,-46,-15,12
UY,Uruguay,,,,,,ChIJCd5f-zoHdZURSlIWYGGWVUo,2020-08-10,-18,-8,-42,-25,0,7
UY,Uruguay,,,,,,ChIJCd5f-zoHdZURSlIWYGGWVUo,2020-08-11,-22,-10,-44,-26,0,6
UY,Uruguay,,,,,,ChIJCd5f-zoHdZURSlIWYGGWVUo,2020-08-12,-20,-8,-42,-23,0,6
UY,Uruguay,,,,,,ChIJCd5f-zoHdZURSlIWYGGWVUo,2020-08-13,-20,-11,-38,-23,-1,6
UY,Uruguay,,,,,,ChIJCd5f-zoHdZURSlIWYGGWVUo,2020-08-14,-18,-7,-40,-26,0,6
UY,Uruguay,,,,,,ChIJCd5f-zoHdZURSlIWYGGWVUo,2020-08-15,-14,0,-40,-29,-7,7
UY,Uruguay,,,,,,ChIJCd5f-zoHdZURSlIWYGGWVUo,2020-08-16,-25,-8,-44,-36,-11,9
UY,Uruguay,,,,,,ChIJCd5f-zoHdZURSlIWYGGWVUo,2020-08-17,-22,-15,-39,-25,1,6
UY,Uruguay,,,,,,ChIJCd5f-zoHdZURSlIWYGGWVUo,2020-08-18,-26,-15,-38,-27,3,6
UY,Uruguay,,,,,,ChIJCd5f-zoHdZURSlIWYGGWVUo,2020-08-19,-31,-18,-55,-31,-1,8
UY,Uruguay,,,,,,ChIJCd5f-zoHdZURSlIWYGGWVUo,2020-08-20,-32,-20,-50,-32,-2,8
UY,Uruguay,,,,,,ChIJCd5f-zoHdZURSlIWYGGWVUo,2020-08-21,-26,-14,-47,-28,2,7
UY,Uruguay,,,,,,ChIJCd5f-zoHdZURSlIWYGGWVUo,2020-08-22,-23,-11,-35,-29,-9,7
UY,Uruguay,,,,,,ChIJCd5f-zoHdZURSlIWYGGWVUo,2020-08-23,-26,-13,-32,-35,-15,9
UY,Uruguay,,,,,,ChIJCd5f-zoHdZURSlIWYGGWVUo,2020-08-24,-15,1,-26,-23,-6,4
UY,Uruguay,,,,,,ChIJCd5f-zoHdZURSlIWYGGWVUo,2020-08-25,-67,-49,-59,-67,-69,19
UY,Uruguay,,,,,,ChIJCd5f-zoHdZURSlIWYGGWVUo,2020-08-26,-40,-28,-61,-39,-3,9
UY,Uruguay,,,,,,ChIJCd5f-zoHdZURSlIWYGGWVUo,2020-08-27,-35,-22,-51,-32,-1,8
UY,Uruguay,,,,,,ChIJCd5f-zoHdZURSlIWYGGWVUo,2020-08-28,-28,-16,-47,-30,3,7
UY,Uruguay,,,,,,ChIJCd5f-zoHdZURSlIWYGGWVUo,2020-08-29,-36,-19,-60,-42,-11,10
UY,Uruguay,,,,,,ChIJCd5f-zoHdZURSlIWYGGWVUo,2020-08-30,-33,-17,-47,-43,-15,11
UY,Uruguay,,,,,,ChIJCd5f-zoHdZURSlIWYGGWVUo,2020-08-31,-29,-20,-51,-30,5,7
UY,Uruguay,,,,,,ChIJCd5f-zoHdZURSlIWYGGWVUo,2020-09-01,-37,-21,-57,-34,1,8
UY,Uruguay,,,,,,ChIJCd5f-zoHdZURSlIWYGGWVUo,2020-09-02,-45,-28,-67,-46,-7,12
UY,Uruguay,,,,,,ChIJCd5f-zoHdZURSlIWYGGWVUo,2020-09-03,-28,-11,-49,-30,1,7
UY,Uruguay,,,,,,ChIJCd5f-zoHdZURSlIWYGGWVUo,2020-09-04,-20,-6,-42,-24,4,5
UY,Uruguay,,,,,,ChIJCd5f-zoHdZURSlIWYGGWVUo,2020-09-05,-17,-4,-38,-26,-8,6
UY,Uruguay,,,,,,ChIJCd5f-zoHdZURSlIWYGGWVUo,2020-09-06,-25,-8,-45,-36,-16,9
UY,Uruguay,,,,,,ChIJCd5f-zoHdZURSlIWYGGWVUo,2020-09-07,-18,-8,-39,-22,5,5
UY,Uruguay,,,,,,ChIJCd5f-zoHdZURSlIWYGGWVUo,2020-09-08,-22,-8,-35,-22,4,4
UY,Uruguay,,,,,,ChIJCd5f-zoHdZURSlIWYGGWVUo,2020-09-09,-24,-11,-42,-25,2,5
UY,Uruguay,,,,,,ChIJCd5f-zoHdZURSlIWYGGWVUo,2020-09-10,-21,-11,-31,-22,3,3
UY,Uruguay,,,,,,ChIJCd5f-zoHdZURSlIWYGGWVUo,2020-09-11,-21,-10,-40,-24,1,4
UY,Uruguay,,,,,,ChIJCd5f-zoHdZURSlIWYGGWVUo,2020-09-12,-18,-7,-33,-26,-10,5
UY,Uruguay,,,,,,ChIJCd5f-zoHdZURSlIWYGGWVUo,2020-09-13,-25,-12,-41,-35,-17,8
UY,Uruguay,,,,,,ChIJCd5f-zoHdZURSlIWYGGWVUo,2020-09-14,-20,-12,-38,-24,9,4
UY,Uruguay,,,,,,ChIJCd5f-zoHdZURSlIWYGGWVUo,2020-09-15,-25,-14,-38,-25,7,5
UY,Uruguay,,,,,,ChIJCd5f-zoHdZURSlIWYGGWVUo,2020-09-16,-22,-12,-36,-24,6,4
UY,Uruguay,,,,,,ChIJCd5f-zoHdZURSlIWYGGWVUo,2020-09-17,-31,-22,-32,-46,-18,10
UY,Uruguay,,,,,,ChIJCd5f-zoHdZURSlIWYGGWVUo,2020-09-18,-21,-11,-36,-23,4,4
UY,Uruguay,,,,,,ChIJCd5f-zoHdZURSlIWYGGWVUo,2020-09-19,-23,-10,-39,-30,-11,6
UY,Uruguay,,,,,,ChIJCd5f-zoHdZURSlIWYGGWVUo,2020-09-20,-22,-11,-33,-34,-16,8
UY,Uruguay,,,,,,ChIJCd5f-zoHdZURSlIWYGGWVUo,2020-09-21,-22,-14,-39,-28,-12,7
UY,Uruguay,,,,,,ChIJCd5f-zoHdZURSlIWYGGWVUo,2020-09-22,-28,-16,-37,-28,-11,6
UY,Uruguay,,,,,,ChIJCd5f-zoHdZURSlIWYGGWVUo,2020-09-23,-29,-13,-41,-23,4,5
UY,Uruguay,,,,,,ChIJCd5f-zoHdZURSlIWYGGWVUo,2020-09-24,-31,-18,-40,-25,3,5
UY,Uruguay,,,,,,ChIJCd5f-zoHdZURSlIWYGGWVUo,2020-09-25,-30,-13,-45,-25,3,6
UY,Uruguay,,,,,,ChIJCd5f-zoHdZURSlIWYGGWVUo,2020-09-26,-43,-24,-65,-45,-16,12
UY,Uruguay,,,,,,ChIJCd5f-zoHdZURSlIWYGGWVUo,2020-09-27,-21,2,-46,-19,-12,5
UY,Uruguay,,,,,,ChIJCd5f-zoHdZURSlIWYGGWVUo,2020-09-28,-33,-20,-46,-31,-7,9
UY,Uruguay,,,,,,ChIJCd5f-zoHdZURSlIWYGGWVUo,2020-09-29,-32,-17,-38,-26,7,5
UY,Uruguay,,,,,,ChIJCd5f-zoHdZURSlIWYGGWVUo,2020-09-30,-29,-13,-37,-25,6,4
UY,Uruguay,,,,,,ChIJCd5f-zoHdZURSlIWYGGWVUo,2020-10-01,-30,-12,-43,-28,5,4
UY,Uruguay,,,,,,ChIJCd5f-zoHdZURSlIWYGGWVUo,2020-10-02,-26,-4,-51,-20,5,4
UY,Uruguay,,,,,,ChIJCd5f-zoHdZURSlIWYGGWVUo,2020-10-03,-27,-7,-52,-28,-11,7
UY,Uruguay,,,,,,ChIJCd5f-zoHdZURSlIWYGGWVUo,2020-10-04,-34,-12,-58,-36,-21,10
UY,Uruguay,,,,,,ChIJCd5f-zoHdZURSlIWYGGWVUo,2020-10-05,-27,-11,-49,-22,6,5
UY,Uruguay,,,,,,ChIJCd5f-zoHdZURSlIWYGGWVUo,2020-10-06,-27,-9,-39,-18,7,3
UY,Uruguay,,,,,,ChIJCd5f-zoHdZURSlIWYGGWVUo,2020-10-07,-22,-4,-34,-14,8,2
UY,Uruguay,,,,,,ChIJCd5f-zoHdZURSlIWYGGWVUo,2020-10-08,-25,-8,-39,-17,7,4
UY,Uruguay,,,,,,ChIJCd5f-zoHdZURSlIWYGGWVUo,2020-10-09,-22,-6,-42,-18,7,3
UY,Uruguay,,,,,,ChIJCd5f-zoHdZURSlIWYGGWVUo,2020-10-10,-20,-5,-33,-21,-8,4
UY,Uruguay,,,,,,ChIJCd5f-zoHdZURSlIWYGGWVUo,2020-10-11,-27,-11,-41,-35,-17,8
UY,Uruguay,,,,,,ChIJCd5f-zoHdZURSlIWYGGWVUo,2020-10-12,-31,-17,-47,-30,-31,10
UY,Uruguay,,,,,,ChIJCd5f-zoHdZURSlIWYGGWVUo,2020-10-13,-29,-13,-43,-19,8,4
UY,Uruguay,,,,,,ChIJCd5f-zoHdZURSlIWYGGWVUo,2020-10-14,-25,-9,-35,-16,9,4
UY,Uruguay,,,,,,ChIJCd5f-zoHdZURSlIWYGGWVUo,2020-10-15,-28,-12,-40,-20,7,4
UY,Uruguay,,,,,,ChIJCd5f-zoHdZURSlIWYGGWVUo,2020-10-16,-24,-9,-38,-19,8,4
UY,Uruguay,,,,,,ChIJCd5f-zoHdZURSlIWYGGWVUo,2020-10-17,-28,-13,-41,-27,-10,6
UY,Uruguay,,,,,,ChIJCd5f-zoHdZURSlIWYGGWVUo,2020-10-18,-27,-14,-27,-30,-18,7
UY,Uruguay,,,,,,ChIJCd5f-zoHdZURSlIWYGGWVUo,2020-10-19,-30,-17,-44,-23,5,6
UY,Uruguay,,,,,,ChIJCd5f-zoHdZURSlIWYGGWVUo,2020-10-20,-41,-23,-60,-36,0,9
UY,Uruguay,,,,,,ChIJCd5f-zoHdZURSlIWYGGWVUo,2020-10-21,-30,-13,-50,-20,9,5
UY,Uruguay,,,,,,ChIJCd5f-zoHdZURSlIWYGGWVUo,2020-10-22,-41,-24,-59,-34,1,9
UY,Uruguay,,,,,,ChIJCd5f-zoHdZURSlIWYGGWVUo,2020-10-23,-26,-10,-43,-19,8,5
UY,Uruguay,,,,,,ChIJCd5f-zoHdZURSlIWYGGWVUo,2020-10-24,-27,-12,-38,-27,-8,7
UY,Uruguay,,,,,,ChIJCd5f-zoHdZURSlIWYGGWVUo,2020-10-25,-39,-18,-51,-40,-19,11
UY,Uruguay,,,,,,ChIJCd5f-zoHdZURSlIWYGGWVUo,2020-10-26,-30,-16,-48,-22,9,6
UY,Uruguay,,,,,,ChIJCd5f-zoHdZURSlIWYGGWVUo,2020-10-27,-30,-16,-39,-19,9,4
UY,Uruguay,,,,,,ChIJCd5f-zoHdZURSlIWYGGWVUo,2020-10-28,-33,-18,-53,-27,3,7
UY,Uruguay,,,,,,ChIJCd5f-zoHdZURSlIWYGGWVUo,2020-10-29,-31,-18,-47,-22,8,5
UY,Uruguay,,,,,,ChIJCd5f-zoHdZURSlIWYGGWVUo,2020-10-30,-26,-12,-44,-20,8,4
UY,Uruguay,,,,,,ChIJCd5f-zoHdZURSlIWYGGWVUo,2020-10-31,-24,-6,-34,-24,-9,5
UY,Uruguay,,,,,,ChIJCd5f-zoHdZURSlIWYGGWVUo,2020-11-01,-26,-10,-27,-30,-17,7
UY,Uruguay,,,,,,ChIJCd5f-zoHdZURSlIWYGGWVUo,2020-11-02,-38,-23,-27,-35,-46,10
UY,Uruguay,,,,,,ChIJCd5f-zoHdZURSlIWYGGWVUo,2020-11-03,-27,-11,-40,-17,9,3
UY,Uruguay,,,,,,ChIJCd5f-zoHdZURSlIWYGGWVUo,2020-11-04,-21,0,-39,-16,10,3
UY,Uruguay,,,,,,ChIJCd5f-zoHdZURSlIWYGGWVUo,2020-11-05,-23,-5,-37,-18,8,3
UY,Uruguay,,,,,,ChIJCd5f-zoHdZURSlIWYGGWVUo,2020-11-06,-19,-4,-39,-18,9,3
UY,Uruguay,,,,,,ChIJCd5f-zoHdZURSlIWYGGWVUo,2020-11-07,-18,-5,-36,-24,-7,5
UY,Uruguay,,,,,,ChIJCd5f-zoHdZURSlIWYGGWVUo,2020-11-08,-23,-8,-34,-31,-16,7
UY,Uruguay,,,,,,ChIJCd5f-zoHdZURSlIWYGGWVUo,2020-11-09,-22,-8,-45,-20,10,4
UY,Uruguay,,,,,,ChIJCd5f-zoHdZURSlIWYGGWVUo,2020-11-10,-25,-8,-39,-21,7,4
UY,Uruguay,,,,,,ChIJCd5f-zoHdZURSlIWYGGWVUo,2020-11-11,-23,-7,-41,-20,7,4
UY,Uruguay,,,,,,ChIJCd5f-zoHdZURSlIWYGGWVUo,2020-11-12,-26,-12,-40,-21,7,4
UY,Uruguay,,,,,,ChIJCd5f-zoHdZURSlIWYGGWVUo,2020-11-13,-24,-9,-44,-22,7,4
UY,Uruguay,,,,,,ChIJCd5f-zoHdZURSlIWYGGWVUo,2020-11-14,-25,-10,-42,-27,-8,6
UY,Uruguay,,,,,,ChIJCd5f-zoHdZURSlIWYGGWVUo,2020-11-15,-31,-14,-43,-37,-18,8
UY,Uruguay,,,,,,ChIJCd5f-zoHdZURSlIWYGGWVUo,2020-11-16,-25,-13,-41,-20,9,4
UY,Uruguay,,,,,,ChIJCd5f-zoHdZURSlIWYGGWVUo,2020-11-17,-31,-15,-44,-24,7,5
UY,Uruguay,,,,,,ChIJCd5f-zoHdZURSlIWYGGWVUo,2020-11-18,-28,-13,-45,-22,7,5
UY,Uruguay,,,,,,ChIJCd5f-zoHdZURSlIWYGGWVUo,2020-11-19,-28,-14,-43,-23,6,5
UY,Uruguay,,,,,,ChIJCd5f-zoHdZURSlIWYGGWVUo,2020-11-20,-24,-8,-42,-22,6,4
UY,Uruguay,,,,,,ChIJCd5f-zoHdZURSlIWYGGWVUo,2020-11-21,-25,-12,-38,-27,-8,6
UY,Uruguay,,,,,,ChIJCd5f-zoHdZURSlIWYGGWVUo,2020-11-22,-29,-14,-36,-33,-18,7
UY,Uruguay,,,,,,ChIJCd5f-zoHdZURSlIWYGGWVUo,2020-11-23,-26,-15,-39,-23,6,5
UY,Uruguay,,,,,,ChIJCd5f-zoHdZURSlIWYGGWVUo,2020-11-24,-33,-18,-46,-26,5,5
UY,Uruguay,,,,,,ChIJCd5f-zoHdZURSlIWYGGWVUo,2020-11-25,-33,-18,-52,-31,1,7
UY,Uruguay,,,,,,ChIJCd5f-zoHdZURSlIWYGGWVUo,2020-11-26,-29,-17,-43,-26,0,5
UY,Uruguay,,,,,,ChIJCd5f-zoHdZURSlIWYGGWVUo,2020-11-27,-24,-13,-41,-24,5,4
UY,Uruguay,,,,,,ChIJCd5f-zoHdZURSlIWYGGWVUo,2020-11-28,-33,-18,-52,-34,-11,8
UY,Uruguay,,,,,,ChIJCd5f-zoHdZURSlIWYGGWVUo,2020-11-29,-33,-17,-42,-38,-18,8
UY,Uruguay,,,,,,ChIJCd5f-zoHdZURSlIWYGGWVUo,2020-11-30,-27,-14,-46,-26,6,5
UY,Uruguay,,,,,,ChIJCd5f-zoHdZURSlIWYGGWVUo,2020-12-01,-26,-10,-40,-23,6,4
UY,Uruguay,,,,,,ChIJCd5f-zoHdZURSlIWYGGWVUo,2020-12-02,-25,-4,-46,-22,4,5
UY,Uruguay,,,,,,ChIJCd5f-zoHdZURSlIWYGGWVUo,2020-12-03,-22,-5,-38,-22,2,5
UY,Uruguay,,,,,,ChIJCd5f-zoHdZURSlIWYGGWVUo,2020-12-04,-22,-2,-47,-24,2,5
UY,Uruguay,,,,,,ChIJCd5f-zoHdZURSlIWYGGWVUo,2020-12-05,-19,-3,-43,-26,-8,6
UY,Uruguay,,,,,,ChIJCd5f-zoHdZURSlIWYGGWVUo,2020-12-06,-27,-8,-41,-36,-17,8
UY,Uruguay,,,,,,ChIJCd5f-zoHdZURSlIWYGGWVUo,2020-12-07,-19,-5,-38,-23,-2,5
UY,Uruguay,,,,,,ChIJCd5f-zoHdZURSlIWYGGWVUo,2020-12-08,-23,-5,-36,-24,1,5
UY,Uruguay,,,,,,ChIJCd5f-zoHdZURSlIWYGGWVUo,2020-12-09,-22,-6,-34,-22,0,5
UY,Uruguay,,,,,,ChIJCd5f-zoHdZURSlIWYGGWVUo,2020-12-10,-24,-8,-32,-22,-2,5
UY,Uruguay,,,,,,ChIJCd5f-zoHdZURSlIWYGGWVUo,2020-12-11,-23,-6,-41,-24,-5,6
UY,Uruguay,,,,,,ChIJCd5f-zoHdZURSlIWYGGWVUo,2020-12-12,-25,-9,-36,-26,-9,6
UY,Uruguay,,,,,,ChIJCd5f-zoHdZURSlIWYGGWVUo,2020-12-13,-40,-19,-60,-48,-21,12
UY,Uruguay,,,,,,ChIJCd5f-zoHdZURSlIWYGGWVUo,2020-12-14,-19,-7,-33,-21,-3,6
UY,Uruguay,,,,,,ChIJCd5f-zoHdZURSlIWYGGWVUo,2020-12-15,-28,-10,-46,-28,-5,7
UY,Uruguay,,,,,,ChIJCd5f-zoHdZURSlIWYGGWVUo,2020-12-16,-21,-6,-36,-22,-4,6
UY,Uruguay,,,,,,ChIJCd5f-zoHdZURSlIWYGGWVUo,2020-12-17,-23,-8,-33,-22,-6,6
UY,Uruguay,,,,,,ChIJCd5f-zoHdZURSlIWYGGWVUo,2020-12-18,-19,-3,-34,-23,-5,6
UY,Uruguay,,,,,,ChIJCd5f-zoHdZURSlIWYGGWVUo,2020-12-19,-23,-6,-48,-32,-10,9
UY,Uruguay,,,,,,ChIJCd5f-zoHdZURSlIWYGGWVUo,2020-12-20,-26,-5,-51,-40,-15,11
UY,Uruguay,,,,,,ChIJCd5f-zoHdZURSlIWYGGWVUo,2020-12-21,-7,4,-33,-18,-6,5
UY,Uruguay,,,,,,ChIJCd5f-zoHdZURSlIWYGGWVUo,2020-12-22,-10,6,-28,-18,-8,4
UY,Uruguay,,,,,,ChIJCd5f-zoHdZURSlIWYGGWVUo,2020-12-23,-3,25,-28,-13,-10,3
UY,Uruguay,,,,,,ChIJCd5f-zoHdZURSlIWYGGWVUo,2020-12-24,-29,12,-45,-36,-36,8
UY,Uruguay,,,,,,ChIJCd5f-zoHdZURSlIWYGGWVUo,2020-12-25,-78,-74,-48,-69,-74,17
UY,Uruguay,,,,,,ChIJCd5f-zoHdZURSlIWYGGWVUo,2020-12-26,-40,-25,-37,-40,-24,10
UY,Uruguay,,,,,,ChIJCd5f-zoHdZURSlIWYGGWVUo,2020-12-27,-41,-24,-41,-44,-19,11
UY,Uruguay,,,,,,ChIJCd5f-zoHdZURSlIWYGGWVUo,2020-12-28,-24,-11,-33,-29,-18,8
UY,Uruguay,,,,,,ChIJCd5f-zoHdZURSlIWYGGWVUo,2020-12-29,-27,-9,-30,-33,-20,8
UY,Uruguay,,,,,,ChIJCd5f-zoHdZURSlIWYGGWVUo,2020-12-30,-20,13,-41,-25,-20,7
UY,Uruguay,,,,,,ChIJCd5f-zoHdZURSlIWYGGWVUo,2020-12-31,-37,11,-42,-37,-40,8
UY,Uruguay,,,,,,ChIJCd5f-zoHdZURSlIWYGGWVUo,2021-01-01,-76,-73,-34,-70,-75,17
UY,Uruguay,,,,,,ChIJCd5f-zoHdZURSlIWYGGWVUo,2021-01-02,-39,-20,-17,-36,-28,8
UY,Uruguay,,,,,,ChIJCd5f-zoHdZURSlIWYGGWVUo,2021-01-03,-36,-17,-21,-37,-20,8
UY,Uruguay,,,,,,ChIJCd5f-zoHdZURSlIWYGGWVUo,2021-01-04,-20,-2,-22,-28,-27,8
UY,Uruguay,,,,,,ChIJCd5f-zoHdZURSlIWYGGWVUo,2021-01-05,-19,6,-29,-22,-28,8
UY,Uruguay,,,,,,ChIJCd5f-zoHdZURSlIWYGGWVUo,2021-01-06,-39,-9,-30,-36,-46,14
UY,Uruguay,,,,,,ChIJCd5f-zoHdZURSlIWYGGWVUo,2021-01-07,-28,-5,-18,-23,-28,8
UY,Uruguay,,,,,,ChIJCd5f-zoHdZURSlIWYGGWVUo,2021-01-08,-30,-6,-25,-26,-28,9
UY,Uruguay,,,,,,ChIJCd5f-zoHdZURSlIWYGGWVUo,2021-01-09,-33,-10,-35,-29,-17,8
UY,Uruguay,,,,,,ChIJCd5f-zoHdZURSlIWYGGWVUo,2021-01-10,-36,-14,-20,-33,-17,7
UY,Uruguay,,,,,,ChIJCd5f-zoHdZURSlIWYGGWVUo,2021-01-11,-36,-14,-51,-32,-27,11
UY,Uruguay,,,,,,ChIJCd5f-zoHdZURSlIWYGGWVUo,2021-01-12,-31,-9,-32,-25,-23,7
UY,Uruguay,,,,,,ChIJCd5f-zoHdZURSlIWYGGWVUo,2021-01-13,-32,-12,-33,-27,-24,6
UY,Uruguay,,,,,,ChIJCd5f-zoHdZURSlIWYGGWVUo,2021-01-14,-37,-18,-32,-31,-27,6
UY,Uruguay,,,,,,ChIJCd5f-zoHdZURSlIWYGGWVUo,2021-01-15,-40,-20,-45,-35,-28,7
UY,Uruguay,,,,,,ChIJCd5f-zoHdZURSlIWYGGWVUo,2021-01-16,-41,-22,-42,-38,-22,8
UY,Uruguay,,,,,,ChIJCd5f-zoHdZURSlIWYGGWVUo,2021-01-17,-44,-22,-50,-46,-23,9
UY,Uruguay,,,,,,ChIJCd5f-zoHdZURSlIWYGGWVUo,2021-01-18,-33,-17,-32,-28,-24,6
UY,Uruguay,,,,,,ChIJCd5f-zoHdZURSlIWYGGWVUo,2021-01-19,-37,-19,-26,-29,-25,6
UY,Uruguay,,,,,,ChIJCd5f-zoHdZURSlIWYGGWVUo,2021-01-20,-35,-16,-29,-28,-24,6
UY,Uruguay,,,,,,ChIJCd5f-zoHdZURSlIWYGGWVUo,2021-01-21,-38,-20,-27,-30,-25,7
UY,Uruguay,,,,,,ChIJCd5f-zoHdZURSlIWYGGWVUo,2021-01-22,-37,-18,-31,-30,-24,6
UY,Uruguay,,,,,,ChIJCd5f-zoHdZURSlIWYGGWVUo,2021-01-23,-39,-21,-22,-31,-19,5
UY,Uruguay,,,,,,ChIJCd5f-zoHdZURSlIWYGGWVUo,2021-01-24,-42,-22,-23,-37,-20,6
UY,Uruguay,,,,,,ChIJCd5f-zoHdZURSlIWYGGWVUo,2021-01-25,-37,-21,-29,-29,-22,6
UY,Uruguay,,,,,,ChIJCd5f-zoHdZURSlIWYGGWVUo,2021-01-26,-42,-24,-38,-32,-23,7
UY,Uruguay,,,,,,ChIJCd5f-zoHdZURSlIWYGGWVUo,2021-01-27,-37,-19,-38,-30,-21,7
UY,Uruguay,,,,,,ChIJCd5f-zoHdZURSlIWYGGWVUo,2021-01-28,-39,-22,-34,-31,-22,7
UY,Uruguay,,,,,,ChIJCd5f-zoHdZURSlIWYGGWVUo,2021-01-29,-36,-17,-38,-32,-21,7
UY,Uruguay,,,,,,ChIJCd5f-zoHdZURSlIWYGGWVUo,2021-01-30,-47,-25,-57,-45,-19,9
UY,Uruguay,,,,,,ChIJCd5f-zoHdZURSlIWYGGWVUo,2021-01-31,-46,-19,-60,-50,-21,11
UY,Uruguay,,,,,,ChIJCd5f-zoHdZURSlIWYGGWVUo,2021-02-01,-37,-19,-52,-35,-19,7
UY,Uruguay,,,,,,ChIJCd5f-zoHdZURSlIWYGGWVUo,2021-02-02,-33,-10,-44,-27,-16,5
UY,Uruguay,,,,,,ChIJCd5f-zoHdZURSlIWYGGWVUo,2021-02-03,-39,-17,-60,-32,-18,8
UY,Uruguay,,,,,,ChIJCd5f-zoHdZURSlIWYGGWVUo,2021-02-04,-31,-11,-42,-26,-17,5
UY,Uruguay,,,,,,ChIJCd5f-zoHdZURSlIWYGGWVUo,2021-02-05,-27,-6,-39,-22,-15,4
UY,Uruguay,,,,,,ChIJCd5f-zoHdZURSlIWYGGWVUo,2021-02-06,-29,-10,-28,-24,-13,3
UY,Uruguay,,,,,,ChIJCd5f-zoHdZURSlIWYGGWVUo,2021-02-07,-34,-16,-27,-32,-16,5
UY,Uruguay,,,,,,ChIJCd5f-zoHdZURSlIWYGGWVUo,2021-02-08,-33,-15,-51,-28,-17,6
UY,Uruguay,,,,,,ChIJCd5f-zoHdZURSlIWYGGWVUo,2021-02-09,-33,-14,-45,-25,-15,5
UY,Uruguay,,,,,,ChIJCd5f-zoHdZURSlIWYGGWVUo,2021-02-10,-29,-9,-42,-22,-15,5
UY,Uruguay,,,,,,ChIJCd5f-zoHdZURSlIWYGGWVUo,2021-02-11,-37,-19,-54,-30,-17,7
UY,Uruguay,,,,,,ChIJCd5f-zoHdZURSlIWYGGWVUo,2021-02-12,-30,-8,-51,-24,-16,5
UY,Uruguay,,,,,,ChIJCd5f-zoHdZURSlIWYGGWVUo,2021-02-13,-27,-7,-37,-26,-15,3
UY,Uruguay,,,,,,ChIJCd5f-zoHdZURSlIWYGGWVUo,2021-02-14,-29,-12,-36,-35,-16,7
UY,Uruguay,,,,,,ChIJCd5f-zoHdZURSlIWYGGWVUo,2021-02-15,-35,-15,-27,-33,-45,9
UY,Uruguay,,,,,,ChIJCd5f-zoHdZURSlIWYGGWVUo,2021-02-16,-46,-23,-49,-41,-46,10
UY,Uruguay,,,,,,ChIJCd5f-zoHdZURSlIWYGGWVUo,2021-02-17,-30,-8,-45,-22,-19,5
UY,Uruguay,,,,,,ChIJCd5f-zoHdZURSlIWYGGWVUo,2021-02-18,-29,-11,-31,-19,-18,4
UY,Uruguay,,,,,,ChIJCd5f-zoHdZURSlIWYGGWVUo,2021-02-19,-28,-8,-36,-21,-17,4
UY,Uruguay,,,,,,ChIJCd5f-zoHdZURSlIWYGGWVUo,2021-02-20,-28,-9,-30,-26,-13,3
UY,Uruguay,,,,,,ChIJCd5f-zoHdZURSlIWYGGWVUo,2021-02-21,-32,-13,-31,-31,-15,5
UY,Uruguay,,,,,,ChIJCd5f-zoHdZURSlIWYGGWVUo,2021-02-22,-31,-14,-47,-24,-12,4
UY,Uruguay,,,,,,ChIJCd5f-zoHdZURSlIWYGGWVUo,2021-02-23,-29,-11,-35,-20,-11,3
UY,Uruguay,,,,,,ChIJCd5f-zoHdZURSlIWYGGWVUo,2021-02-24,-26,-8,-34,-17,-10,3
UY,Uruguay,,,,,,ChIJCd5f-zoHdZURSlIWYGGWVUo,2021-02-25,-29,-13,-32,-19,-11,3
UY,Uruguay,,,,,,ChIJCd5f-zoHdZURSlIWYGGWVUo,2021-02-26,-26,-7,-36,-19,-10,3
UY,Uruguay,,,,,,ChIJCd5f-zoHdZURSlIWYGGWVUo,2021-02-27,-25,-6,-30,-25,-10,3
UY,Uruguay,,,,,,ChIJCd5f-zoHdZURSlIWYGGWVUo,2021-02-28,-29,-7,-33,-31,-13,5
UY,Uruguay,,,,,,ChIJCd5f-zoHdZURSlIWYGGWVUo,2021-03-01,-23,-3,-40,-19,-7,2
UY,Uruguay,,,,,,ChIJCd5f-zoHdZURSlIWYGGWVUo,2021-03-02,-24,2,-37,-16,-6,2
UY,Uruguay,,,,,,ChIJCd5f-zoHdZURSlIWYGGWVUo,2021-03-03,-23,2,-41,-14,-6,2
UY,Uruguay,,,,,,ChIJCd5f-zoHdZURSlIWYGGWVUo,2021-03-04,-26,-4,-42,-17,-7,2
UY,Uruguay,,,,,,ChIJCd5f-zoHdZURSlIWYGGWVUo,2021-03-05,-21,2,-45,-16,-6,1
UY,Uruguay,,,,,,ChIJCd5f-zoHdZURSlIWYGGWVUo,2021-03-06,-20,0,-38,-21,-9,3
UY,Uruguay,,,,,,ChIJCd5f-zoHdZURSlIWYGGWVUo,2021-03-07,-25,-4,-33,-27,-13,6
UY,Uruguay,,,,,,ChIJCd5f-zoHdZURSlIWYGGWVUo,2021-03-08,-21,-2,-37,-15,-7,2
UY,Uruguay,,,,,,ChIJCd5f-zoHdZURSlIWYGGWVUo,2021-03-09,-27,-4,-41,-15,-5,2
UY,Uruguay,,,,,,ChIJCd5f-zoHdZURSlIWYGGWVUo,2021-03-10,-25,-2,-41,-12,-4,2
UY,Uruguay,,,,,,ChIJCd5f-zoHdZURSlIWYGGWVUo,2021-03-11,-27,-7,-38,-16,-6,2
UY,Uruguay,,,,,,ChIJCd5f-zoHdZURSlIWYGGWVUo,2021-03-12,-26,-5,-43,-16,-5,2
UY,Uruguay,,,,,,ChIJCd5f-zoHdZURSlIWYGGWVUo,2021-03-13,-26,-6,-38,-25,-9,4
UY,Uruguay,,,,,,ChIJCd5f-zoHdZURSlIWYGGWVUo,2021-03-14,-32,-9,-37,-31,-15,7
UY,Uruguay,,,,,,ChIJCd5f-zoHdZURSlIWYGGWVUo,2021-03-15,-28,-8,-44,-17,-4,3
UY,Uruguay,,,,,,ChIJCd5f-zoHdZURSlIWYGGWVUo,2021-03-16,-36,-13,-52,-23,-6,5
UY,Uruguay,,,,,,ChIJCd5f-zoHdZURSlIWYGGWVUo,2021-03-17,-39,-15,-62,-28,-8,7
UY,Uruguay,,,,,,ChIJCd5f-zoHdZURSlIWYGGWVUo,2021-03-18,-33,-11,-48,-22,-6,5
UY,Uruguay,,,,,,ChIJCd5f-zoHdZURSlIWYGGWVUo,2021-03-19,-30,-7,-48,-21,-5,4
UY,Uruguay,,,,,,ChIJCd5f-zoHdZURSlIWYGGWVUo,2021-03-20,-40,-16,-64,-40,-15,10
UY,Uruguay,,,,,,ChIJCd5f-zoHdZURSlIWYGGWVUo,2021-03-21,-37,-10,-51,-40,-18,11
UY,Uruguay,,,,,,ChIJCd5f-zoHdZURSlIWYGGWVUo,2021-03-22,-32,-11,-51,-22,-4,5
UY,Uruguay,,,,,,ChIJCd5f-zoHdZURSlIWYGGWVUo,2021-03-23,-37,-14,-47,-25,-7,5
UY,Uruguay,,,,,,ChIJCd5f-zoHdZURSlIWYGGWVUo,2021-03-24,-38,-15,-49,-30,-17,9
UY,Uruguay,,,,,,ChIJCd5f-zoHdZURSlIWYGGWVUo,2021-03-25,-54,-34,-73,-49,-27,14
UY,Uruguay,,,,,,ChIJCd5f-zoHdZURSlIWYGGWVUo,2021-03-26,-39,-10,-59,-35,-21,11
UY,Uruguay,,,,,,ChIJCd5f-zoHdZURSlIWYGGWVUo,2021-03-27,-38,-7,-54,-36,-16,10
UY,Uruguay,,,,,,ChIJCd5f-zoHdZURSlIWYGGWVUo,2021-03-28,-44,-12,-50,-45,-21,13
UY,Uruguay,,,,,,ChIJCd5f-zoHdZURSlIWYGGWVUo,2021-03-29,-35,-8,-53,-34,-36,12
UY,Uruguay,,,,,,ChIJCd5f-zoHdZURSlIWYGGWVUo,2021-03-30,-37,-9,-43,-33,-37,11
UY,Uruguay,,,,,,ChIJCd5f-zoHdZURSlIWYGGWVUo,2021-03-31,-33,-3,-43,-29,-38,10
UY,Uruguay,,,,,,ChIJCd5f-zoHdZURSlIWYGGWVUo,2021-04-01,-41,-5,-39,-36,-50,12
UY,Uruguay,,,,,,ChIJCd5f-zoHdZURSlIWYGGWVUo,2021-04-02,-57,-26,-41,-51,-62,18
UY,Uruguay,,,,,,ChIJCd5f-zoHdZURSlIWYGGWVUo,2021-04-03,-46,-14,-40,-42,-33,10
UY,Uruguay,,,,,,ChIJCd5f-zoHdZURSlIWYGGWVUo,2021-04-04,-48,-14,-51,-44,-19,10
UY,Uruguay,,,,,,ChIJCd5f-zoHdZURSlIWYGGWVUo,2021-04-05,-34,-11,-49,-30,-21,10
UY,Uruguay,,,,,,ChIJCd5f-zoHdZURSlIWYGGWVUo,2021-04-06,-37,-11,-47,-31,-23,10
UY,Uruguay,,,,,,ChIJCd5f-zoHdZURSlIWYGGWVUo,2021-04-07,-35,-9,-47,-27,-23,10
UY,Uruguay,,,,,,ChIJCd5f-zoHdZURSlIWYGGWVUo,2021-04-08,-37,-11,-49,-31,-22,10
UY,Uruguay,,,,,,ChIJCd5f-zoHdZURSlIWYGGWVUo,2021-04-09,-43,-14,-65,-39,-24,13
UY,Uruguay,,,,,,ChIJCd5f-zoHdZURSlIWYGGWVUo,2021-04-10,-46,-17,-72,-47,-22,14
UY,Uruguay,,,,,,ChIJCd5f-zoHdZURSlIWYGGWVUo,2021-04-11,-56,-23,-73,-58,-28,18
UY,Uruguay,,,,,,ChIJCd5f-zoHdZURSlIWYGGWVUo,2021-04-12,-32,-9,-49,-28,-19,10
UY,Uruguay,,,,,,ChIJCd5f-zoHdZURSlIWYGGWVUo,2021-04-13,-37,-12,-50,-30,-20,10
UY,Uruguay,,,,,,ChIJCd5f-zoHdZURSlIWYGGWVUo,2021-04-14,-35,-10,-50,-27,-21,10
UY,Uruguay,,,,,,ChIJCd5f-zoHdZURSlIWYGGWVUo,2021-04-15,-38,-15,-52,-31,-21,11
UY,Uruguay,,,,,,ChIJCd5f-zoHdZURSlIWYGGWVUo,2021-04-16,-35,-8,-52,-30,-19,10
UY,Uruguay,,,,,,ChIJCd5f-zoHdZURSlIWYGGWVUo,2021-04-17,-34,-8,-45,-33,-14,9
UY,Uruguay,,,,,,ChIJCd5f-zoHdZURSlIWYGGWVUo,2021-04-18,-40,-11,-45,-40,-20,12
UY,Uruguay,,,,,,ChIJCd5f-zoHdZURSlIWYGGWVUo,2021-04-19,-36,-15,-44,-33,-34,12
UY,Uruguay,,,,,,ChIJCd5f-zoHdZURSlIWYGGWVUo,2021-04-20,-39,-14,-51,-30,-19,10
UY,Uruguay,,,,,,ChIJCd5f-zoHdZURSlIWYGGWVUo,2021-04-21,-38,-13,-53,-29,-20,10
UY,Uruguay,,,,,,ChIJCd5f-zoHdZURSlIWYGGWVUo,2021-04-22,-38,-15,-50,-31,-19,10
UY,Uruguay,,,,,,ChIJCd5f-zoHdZURSlIWYGGWVUo,2021-04-23,-36,-12,-50,-30,-17,10
UY,Uruguay,,,,,,ChIJCd5f-zoHdZURSlIWYGGWVUo,2021-04-24,-42,-15,-64,-43,-17,12
UY,Uruguay,,,,,,ChIJCd5f-zoHdZURSlIWYGGWVUo,2021-04-25,-48,-18,-61,-49,-22,15
UY,Uruguay,,,,,,ChIJCd5f-zoHdZURSlIWYGGWVUo,2021-04-26,-36,-16,-54,-33,-17,11
UY,Uruguay,,,,,,ChIJCd5f-zoHdZURSlIWYGGWVUo,2021-04-27,-40,-16,-53,-33,-18,10
UY,Uruguay,,,,,,ChIJCd5f-zoHdZURSlIWYGGWVUo,2021-04-28,-37,-14,-52,-29,-18,10
UY,Uruguay,,,,,,ChIJCd5f-zoHdZURSlIWYGGWVUo,2021-04-29,-38,-14,-49,-31,-18,10
UY,Uruguay,,,,,,ChIJCd5f-zoHdZURSlIWYGGWVUo,2021-04-30,-30,12,-48,-27,-16,8
UY,Uruguay,,,,,,ChIJCd5f-zoHdZURSlIWYGGWVUo,2021-05-01,-67,-57,-44,-66,-52,14
UY,Uruguay,,,,,,ChIJCd5f-zoHdZURSlIWYGGWVUo,2021-05-02,-34,-4,-41,-35,-18,9
UY,Uruguay,,,,,,ChIJCd5f-zoHdZURSlIWYGGWVUo,2021-05-03,-35,-10,-57,-31,-16,10
UY,Uruguay,,,,,,ChIJCd5f-zoHdZURSlIWYGGWVUo,2021-05-04,-32,1,-57,-28,-17,10
UY,Uruguay,,,,,,ChIJCd5f-zoHdZURSlIWYGGWVUo,2021-05-05,-29,4,-56,-25,-16,9
UY,Uruguay,,,,,,ChIJCd5f-zoHdZURSlIWYGGWVUo,2021-05-06,-28,0,-53,-25,-17,9
UY,Uruguay,,,,,,ChIJCd5f-zoHdZURSlIWYGGWVUo,2021-05-07,-24,7,-52,-22,-14,9
UY,Uruguay,,,,,,ChIJCd5f-zoHdZURSlIWYGGWVUo,2021-05-08,-16,15,-45,-21,-10,7
UY,Uruguay,,,,,,ChIJCd5f-zoHdZURSlIWYGGWVUo,2021-05-09,-33,1,-59,-33,-8,9
UY,Uruguay,,,,,,ChIJCd5f-zoHdZURSlIWYGGWVUo,2021-05-10,-30,-6,-56,-26,-14,10
UY,Uruguay,,,,,,ChIJCd5f-zoHdZURSlIWYGGWVUo,2021-05-11,-33,-6,-53,-27,-14,9
UY,Uruguay,,,,,,ChIJCd5f-zoHdZURSlIWYGGWVUo,2021-05-12,-30,-3,-52,-22,-14,9
UY,Uruguay,,,,,,ChIJCd5f-zoHdZURSlIWYGGWVUo,2021-05-13,-32,-7,-50,-24,-15,9
UY,Uruguay,,,,,,ChIJCd5f-zoHdZURSlIWYGGWVUo,2021-05-14,-30,-4,-51,-23,-14,9
UY,Uruguay,,,,,,ChIJCd5f-zoHdZURSlIWYGGWVUo,2021-05-15,-29,-3,-45,-27,-12,8
UY,Uruguay,,,,,,ChIJCd5f-zoHdZURSlIWYGGWVUo,2021-05-16,-38,-8,-55,-38,-17,12
UY,Uruguay,,,,,,ChIJCd5f-zoHdZURSlIWYGGWVUo,2021-05-17,-31,-10,-50,-29,-31,12
UY,Uruguay,,,,,,ChIJCd5f-zoHdZURSlIWYGGWVUo,2021-05-18,-34,-9,-52,-25,-11,9
UY,Uruguay,,,,,,ChIJCd5f-zoHdZURSlIWYGGWVUo,2021-05-19,-32,-7,-52,-26,-12,9
UY,Uruguay,,,,,,ChIJCd5f-zoHdZURSlIWYGGWVUo,2021-05-20,-35,-10,-52,-29,-13,10
UY,Uruguay,,,,,,ChIJCd5f-zoHdZURSlIWYGGWVUo,2021-05-21,-39,-13,-64,-31,-13,13
UY,Uruguay,,,,,,ChIJCd5f-zoHdZURSlIWYGGWVUo,2021-05-22,-49,-22,-75,-48,-17,16
UY,Uruguay,,,,,,ChIJCd5f-zoHdZURSlIWYGGWVUo,2021-05-23,-62,-32,-81,-62,-26,19
UY,Uruguay,,,,,,ChIJCd5f-zoHdZURSlIWYGGWVUo,2021-05-24,-32,-10,-52,-27,-10,11
UY,Uruguay,,,,,,ChIJCd5f-zoHdZURSlIWYGGWVUo,2021-05-25,-34,-11,-50,-27,-10,10
UY,Uruguay,,,,,,ChIJCd5f-zoHdZURSlIWYGGWVUo,2021-05-26,-33,-10,-51,-26,-11,10
UY,Uruguay,,,,,,ChIJCd5f-zoHdZURSlIWYGGWVUo,2021-05-27,-33,-12,-46,-27,-11,10
UY,Uruguay,,,,,,ChIJCd5f-zoHdZURSlIWYGGWVUo,2021-05-28,-31,-5,-51,-26,-10,10
UY,Uruguay,,,,,,ChIJCd5f-zoHdZURSlIWYGGWVUo,2021-05-29,-35,-7,-60,-36,-7,11
UY,Uruguay,,,,,,ChIJCd5f-zoHdZURSlIWYGGWVUo,2021-05-30,-40,-10,-55,-41,-14,14
UY,Uruguay,,,,,,ChIJCd5f-zoHdZURSlIWYGGWVUo,2021-05-31,-31,-9,-53,-28,-8,11
UY,Uruguay,,,,,,ChIJCd5f-zoHdZURSlIWYGGWVUo,2021-06-01,-34,-7,-53,-28,-10,10
UY,Uruguay,,,,,,ChIJCd5f-zoHdZURSlIWYGGWVUo,2021-06-02,-26,7,-49,-22,-10,9
UY,Uruguay,,,,,,ChIJCd5f-zoHdZURSlIWYGGWVUo,2021-06-03,-30,-1,-49,-24,-11,10
UY,Uruguay,,,,,,ChIJCd5f-zoHdZURSlIWYGGWVUo,2021-06-04,-32,-3,-59,-28,-9,11
UY,Uruguay,,,,,,ChIJCd5f-zoHdZURSlIWYGGWVUo,2021-06-05,-37,-5,-67,-39,-11,14
UY,Uruguay,,,,,,ChIJCd5f-zoHdZURSlIWYGGWVUo,2021-06-06,-30,1,-51,-35,-12,13
UY,Uruguay,,,,,,ChIJCd5f-zoHdZURSlIWYGGWVUo,2021-06-07,-21,4,-49,-20,-6,9
UY,Uruguay,,,,,,ChIJCd5f-zoHdZURSlIWYGGWVUo,2021-06-08,-29,0,-51,-23,-7,9
UY,Uruguay,,,,,,ChIJCd5f-zoHdZURSlIWYGGWVUo,2021-06-09,-26,2,-51,-21,-8,9
UY,Uruguay,,,,,,ChIJCd5f-zoHdZURSlIWYGGWVUo,2021-06-10,-29,-2,-50,-24,-9,9
UY,Uruguay,,,,,,ChIJCd5f-zoHdZURSlIWYGGWVUo,2021-06-11,-27,1,-53,-24,-7,9
UY,Uruguay,,,,,,ChIJCd5f-zoHdZURSlIWYGGWVUo,2021-06-12,-23,2,-42,-24,-5,8
UY,Uruguay,,,,,,ChIJCd5f-zoHdZURSlIWYGGWVUo,2021-06-13,-29,-2,-40,-31,-13,11
UY,Uruguay,,,,,,ChIJCd5f-zoHdZURSlIWYGGWVUo,2021-06-14,-26,-4,-50,-24,-6,8
UY,Uruguay,,,,,,ChIJCd5f-zoHdZURSlIWYGGWVUo,2021-06-15,-29,-5,-52,-25,-9,9
UY,Uruguay,,,,,,ChIJCd5f-zoHdZURSlIWYGGWVUo,2021-06-16,-27,-2,-56,-22,-9,8
UY,Uruguay,,,,,,ChIJCd5f-zoHdZURSlIWYGGWVUo,2021-06-17,-34,-10,-57,-39,-21,12
UY,Uruguay,,,,,,ChIJCd5f-zoHdZURSlIWYGGWVUo,2021-06-18,-28,1,-55,-24,-8,8
UY,Uruguay,,,,,,ChIJCd5f-zoHdZURSlIWYGGWVUo,2021-06-19,-29,-3,-58,-30,-9,9
UY,Uruguay,,,,,,ChIJCd5f-zoHdZURSlIWYGGWVUo,2021-06-20,-33,-6,-54,-35,-17,12
UY,Uruguay,,,,,,ChIJCd5f-zoHdZURSlIWYGGWVUo,2021-06-21,-28,-9,-54,-25,-7,9
UY,Uruguay,,,,,,ChIJCd5f-zoHdZURSlIWYGGWVUo,2021-06-22,-29,-6,-49,-23,-7,8
UY,Uruguay,,,,,,ChIJCd5f-zoHdZURSlIWYGGWVUo,2021-06-23,-31,-8,-57,-24,-8,9
UY,Uruguay,,,,,,ChIJCd5f-zoHdZURSlIWYGGWVUo,2021-06-24,-40,-19,-64,-34,-11,12
UY,Uruguay,,,,,,ChIJCd5f-zoHdZURSlIWYGGWVUo,2021-06-25,-25,-3,-49,-24,-5,8
UY,Uruguay,,,,,,ChIJCd5f-zoHdZURSlIWYGGWVUo,2021-06-26,-28,-5,-56,-28,-6,9
UY,Uruguay,,,,,,ChIJCd5f-zoHdZURSlIWYGGWVUo,2021-06-27,-47,-18,-74,-52,-19,15
UY,Uruguay,,,,,,ChIJCd5f-zoHdZURSlIWYGGWVUo,2021-06-28,-45,-27,-71,-44,-17,13
UY,Uruguay,,,,,,ChIJCd5f-zoHdZURSlIWYGGWVUo,2021-06-29,-38,-17,-64,-35,-16,11
UY,Uruguay,,,,,,ChIJCd5f-zoHdZURSlIWYGGWVUo,2021-06-30,-24,0,-52,-22,-12,8
UY,Uruguay,,,,,,ChIJCd5f-zoHdZURSlIWYGGWVUo,2021-07-01,-22,0,-45,-20,-12,8
UY,Uruguay,,,,,,ChIJCd5f-zoHdZURSlIWYGGWVUo,2021-07-02,-17,11,-46,-16,-9,7
UY,Uruguay,,,,,,ChIJCd5f-zoHdZURSlIWYGGWVUo,2021-07-03,-20,7,-44,-19,-4,7
UY,Uruguay,,,,,,ChIJCd5f-zoHdZURSlIWYGGWVUo,2021-07-04,-24,2,-46,-27,-12,10
UY,Uruguay,,,,,,ChIJCd5f-zoHdZURSlIWYGGWVUo,2021-07-05,-14,6,-38,-14,-9,7
